timestamp,real_CO,predicted_CO
2005-01-29 07:00:00,-1.1372766062519863,-1.0657129700763144
2005-01-29 08:00:00,-0.9308430403606242,-0.9170808026345334
2005-01-29 09:00:00,-0.7244094744692621,-0.8812989845466974
2005-01-29 10:00:00,-0.7244094744692621,-0.8468933902314704
2005-01-29 11:00:00,-0.7244094744692621,-0.7849633204640619
2005-01-29 12:00:00,-0.7244094744692621,-1.025114368784347
2005-01-29 13:00:00,-0.7244094744692621,-0.8661605230479976
2005-01-29 14:00:00,-0.6555982858388081,-0.8001017819627618
2005-01-29 15:00:00,-0.7932206630997162,-1.0973661168463236
2005-01-29 16:00:00,-0.6555982858388081,-1.1455339488876413
2005-01-29 17:00:00,-0.586787097208354,-0.7863395442366701
2005-01-29 18:00:00,-0.5179759085779,-0.9177689145208379
2005-01-29 19:00:00,-0.586787097208354,-1.002406676536297
2005-01-29 20:00:00,-0.5179759085779,-0.8510220615492973
2005-01-29 21:00:00,-0.4491647199474459,-0.9700654178799833
2005-01-29 22:00:00,-0.7932206630997162,-0.9728178654252011
2005-01-29 23:00:00,-0.7932206630997162,-0.9735059773115059
2005-01-30 00:00:00,-0.7244094744692621,-1.0491982848050052
2005-01-30 01:00:00,-0.586787097208354,-1.0436933897145686
2005-01-30 02:00:00,-0.7932206630997162,-1.0106640191719507
2005-01-30 03:00:00,-0.7244094744692621,-0.8496458377766881
2005-01-30 05:00:00,-1.0684654176215322,-1.129707375502637
2005-01-30 06:00:00,-1.1372766062519863,-1.1365884943656825
2005-01-30 07:00:00,-1.2060877948824404,-1.1510388439780774
2005-01-30 08:00:00,-1.1372766062519863,-1.0959898930737142
2005-01-30 09:00:00,-0.9996542289910784,-0.9590556276991105
2005-01-30 10:00:00,-0.9308430403606242,-1.0175451380349962
2005-01-30 11:00:00,-0.9308430403606242,-1.0725940889393597
2005-01-30 12:00:00,-0.7932206630997162,-0.9480458375182387
2005-01-30 13:00:00,-0.8620318517301703,-0.9225856977249705
2005-01-30 14:00:00,-0.8620318517301703,-0.9060710124536613
2005-01-30 15:00:00,-0.8620318517301703,-1.0120402429445603
2005-01-30 16:00:00,-0.7932206630997162,-0.9115759075440973
2005-01-30 17:00:00,-0.7932206630997162,-0.8771703132288704
2005-01-30 18:00:00,-0.7244094744692621,-0.9301549284743199
2005-01-30 19:00:00,-0.6555982858388081,-1.0622724106447918
2005-01-30 20:00:00,-0.3803535313169918,-0.723033250696653
2005-01-30 21:00:00,-0.3115423426865378,-0.673489194882726
2005-01-30 22:00:00,-0.7244094744692621,-1.1056234594819774
2005-01-30 23:00:00,-0.586787097208354,-0.7120234605157805
2005-01-31 00:00:00,-0.3115423426865378,-0.5661437406192179
2005-01-31 01:00:00,-0.4491647199474459,-0.8035423413942842
2005-01-31 02:00:00,-0.9308430403606242,-1.0836038791202327
2005-01-31 03:00:00,-1.1372766062519863,-1.1228262566395921
2005-01-31 04:00:00,-1.2060877948824404,-1.171682200567214
2005-01-31 05:00:00,-1.2060877948824404,-1.157919962841123
2005-01-31 06:00:00,-1.2060877948824404,-1.1379647181382915
2005-01-31 07:00:00,-0.9996542289910784,-0.9301549284743197
2005-01-31 08:00:00,-0.2427311540560837,-0.11061367188561189
2005-01-31 10:00:00,0.9270590526616352,0.45157373922519733
2005-01-31 11:00:00,0.4453807322484566,0.06967164232617769
2005-01-31 12:00:00,0.651814298139819,0.4219849281141024
2005-01-31 13:00:00,0.2389471663570946,-0.36934374113611945
2005-01-31 14:00:00,0.3765695436180029,-0.27851297214391996
2005-01-31 15:00:00,0.5141919208789107,0.46808842449650645
2005-01-31 16:00:00,0.720625486770273,0.5224492635145654
2005-01-31 17:00:00,1.3399261844443593,1.1500073038243068
2005-01-31 18:00:00,2.71614995705344,2.0225331756584644
2005-01-31 19:00:00,3.1978282774666185,2.490449258345553
2005-01-31 20:00:00,3.1978282774666185,2.4367765312137983
2005-01-31 21:00:00,1.064681429922543,0.44194017281693376
2005-01-31 22:00:00,-0.0362975881647215,-0.22415213312586107
2005-01-31 23:00:00,-0.5179759085779,-0.5117829016011591
2005-02-01 00:00:00,-0.586787097208354,-0.7429884953994847
2005-02-01 01:00:00,-0.7244094744692621,-0.7409241597405708
2005-02-01 02:00:00,-0.7932206630997162,-0.803542341394284
2005-02-01 03:00:00,-0.8620318517301703,-0.6734891948827259
2005-02-01 04:00:00,-0.9308430403606242,-0.6356430411359763
2005-02-01 05:00:00,-0.8620318517301703,-0.6081185656837944
2005-02-01 06:00:00,-0.7244094744692621,-0.6349549292496718
2005-02-01 07:00:00,-0.3803535313169918,-0.034233252505807894
2005-02-01 08:00:00,1.064681429922543,1.9709247841856234
2005-02-01 09:00:00,1.8216045048575376,2.023909399431072
2005-02-01 10:00:00,1.3399261844443593,1.717011498139248
2005-02-01 11:00:00,1.6151709389661757,1.7803177916792643
2005-02-01 12:00:00,1.6151709389661757,1.2841891216536916
2005-02-01 13:00:00,1.064681429922543,1.7644912182942614
2005-02-01 14:00:00,1.4087373730748136,1.443831079276345
2005-02-01 15:00:00,0.7894366754007269,0.40478213095648874
2005-02-01 16:00:00,0.720625486770273,0.7144324797935322
2005-02-01 17:00:00,0.9958702412920892,0.9910534580879576
2005-02-01 18:00:00,0.9270590526616352,0.7564073048581089
2005-02-01 19:00:00,1.3399261844443593,0.9366926190698992
2005-02-01 20:00:00,1.2711149958139054,0.645621291163078
2005-02-01 21:00:00,0.7894366754007269,0.018063250853337112
2005-02-01 22:00:00,0.5830031095093648,-0.48907520935310944
2005-02-01 23:00:00,0.3077583549875487,-0.5049017827381139
2005-02-02 00:00:00,0.3077583549875487,-0.5867870972083539
2005-02-02 01:00:00,0.3077583549875487,-0.43402625844874576
2005-02-02 02:00:00,0.5141919208789107,-0.16910318222149784
2005-02-02 03:00:00,0.5141919208789107,-0.4016849997924324
2005-02-02 04:00:00,0.2389471663570946,-0.5936682160713994
2005-02-02 05:00:00,-0.1051087767951756,-0.6115591251153173
2005-02-02 06:00:00,0.0325136004657325,-0.5069661183970274
2005-02-02 07:00:00,0.1701359777266405,-0.25511716800956535
2005-02-02 08:00:00,1.2711149958139054,0.9112324792766308
2005-02-02 09:00:00,3.1290170888361644,2.3920492586040023
2005-02-02 10:00:00,2.37209401390117,1.4286926177776456
2005-02-02 11:00:00,1.4775485617052675,0.6690170952974325
2005-02-02 12:00:00,1.2711149958139054,0.7474618503361499
2005-02-02 13:00:00,0.3077583549875487,0.018751362739641668
2005-02-02 14:00:00,0.0325136004657325,0.0036129012409417444
2005-02-02 15:00:00,-0.1739199654256297,-0.19043465069693866
2005-02-02 16:00:00,-0.2427311540560837,-0.05418849720863963
2005-02-02 17:00:00,0.651814298139819,0.5761219906463194
2005-02-02 18:00:00,1.8216045048575376,1.2848772335399965
2005-02-02 19:00:00,2.5097163911620783,2.2743821260459263
2005-02-02 20:00:00,2.5785275797925324,2.5406814260457833
2005-02-02 21:00:00,1.3399261844443593,0.6318590534369875
2005-02-02 22:00:00,-0.2427311540560837,-0.26681507007674254
2005-02-02 23:00:00,-0.3115423426865378,-0.31085423080023333
2005-02-03 00:00:00,-0.3115423426865378,-0.4945801044435457
2005-02-03 01:00:00,-0.4491647199474459,-0.5503171672342134
2005-02-03 02:00:00,-0.7244094744692621,-0.7863395442366703
2005-02-03 03:00:00,-0.8620318517301703,-0.7725773065105794
2005-02-03 05:00:00,-1.2748989835128943,-0.8916206628412658
2005-02-03 06:00:00,-1.2060877948824404,-0.932219264133233
2005-02-03 07:00:00,-1.0684654176215322,-0.674865418655335
2005-02-03 08:00:00,0.5830031095093648,0.5988296828943693
2005-02-03 09:00:00,2.37209401390117,2.588161146200796
2005-02-03 10:00:00,1.890415693487992,1.5394786314726767
2005-02-03 11:00:00,0.9270590526616352,0.563735976692837
2005-02-03 12:00:00,0.0325136004657325,0.11715136248119087
2005-02-03 13:00:00,0.3765695436180029,0.44262828470323845
2005-02-03 14:00:00,0.3765695436180029,0.31395136196428947
2005-02-03 15:00:00,-0.0362975881647215,0.35248562759734364
2005-02-03 16:00:00,-0.1051087767951756,0.1701359777266404
2005-02-03 17:00:00,0.1701359777266405,0.715808703566141
2005-02-03 18:00:00,3.1290170888361644,3.092547158862024
2005-02-03 19:00:00,2.922583522944803,2.8592772294047846
2005-02-03 20:00:00,1.202303807183451,0.6015821304395875
2005-02-03 21:00:00,0.3765695436180029,0.23688283069818103
2005-02-03 22:00:00,0.5830031095093648,0.07586464930291842
2005-02-03 23:00:00,-0.0362975881647215,0.15155695679641795
2005-02-04 00:00:00,-0.6555982858388081,-0.4181996850637412
2005-02-04 01:00:00,-0.6555982858388081,-0.4876989855805
2005-02-04 02:00:00,-0.9996542289910784,-0.7663842995338388
2005-02-04 03:00:00,-0.8620318517301703,-0.5152234610326814
2005-02-04 04:00:00,-0.9308430403606242,-0.7987255581901525
2005-02-04 05:00:00,-1.2060877948824404,-0.9893325506965104
2005-02-04 06:00:00,-0.9996542289910784,-0.6879395444951212
2005-02-04 07:00:00,-0.5179759085779,-0.3039731119371876
2005-02-04 08:00:00,1.2711149958139054,1.3323569536950106
2005-02-04 09:00:00,1.202303807183451,1.3185947159689186
2005-02-04 10:00:00,0.651814298139819,0.5217611516282608
2005-02-04 11:00:00,0.720625486770273,0.6201611513698098
2005-02-04 12:00:00,-0.4491647199474459,-0.5090304540559406
2005-02-04 13:00:00,-0.6555982858388081,-0.6507815026346762
2005-02-04 14:00:00,-0.1739199654256297,-0.21864723803542463
2005-02-04 15:00:00,-0.4491647199474459,-0.6555982858388077
2005-02-04 16:00:00,-0.5179759085779,-0.7113353486294759
2005-02-04 17:00:00,-0.1739199654256297,-0.3211759090948014
2005-02-04 18:00:00,0.0325136004657325,-0.15878150392692977
2005-02-04 19:00:00,0.5830031095093648,0.28505066273949864
2005-02-04 20:00:00,0.3077583549875487,0.30500590744233014
2005-02-04 21:00:00,0.4453807322484566,-0.0060206651673218
2005-02-04 22:00:00,-0.3803535313169918,-0.46774374087766873
2005-02-04 23:00:00,-0.586787097208354,-0.5971087755029221
2005-02-05 00:00:00,-0.3803535313169918,-0.47806541917223655
2005-02-05 01:00:00,-0.4491647199474459,-0.46430318144614596
2005-02-05 02:00:00,-0.586787097208354,-0.6611031809292447
2005-02-05 03:00:00,-0.3803535313169918,-0.4615507339009273
2005-02-05 04:00:00,-0.1051087767951756,-0.6191283558646673
2005-02-05 05:00:00,-0.586787097208354,-0.6824346494046847
2005-02-05 06:00:00,-0.8620318517301703,-0.5668318525055226
2005-02-05 07:00:00,-0.5179759085779,-0.3287451398441511
2005-02-05 08:00:00,0.651814298139819,0.6366758366411185
2005-02-05 09:00:00,1.3399261844443593,0.43230660640867014
2005-02-05 10:00:00,-0.586787097208354,-0.38585842640742835
2005-02-05 11:00:00,-0.8620318517301703,-0.6260094747277126
2005-02-05 12:00:00,-0.7932206630997162,-0.7051423416527344
2005-02-05 13:00:00,-0.7932206630997162,-0.7257856982418709
2005-02-05 14:00:00,-0.7244094744692621,-0.7705129708516661
2005-02-05 15:00:00,-0.9308430403606242,-0.7340430408775255
2005-02-05 16:00:00,-0.7932206630997162,-0.7065185654253436
2005-02-05 17:00:00,-0.8620318517301703,-0.7340430408775254
2005-02-05 18:00:00,-0.8620318517301703,-0.7195926912651304
2005-02-05 19:00:00,-0.3803535313169918,-0.30466122382349264
2005-02-05 20:00:00,-0.5179759085779,-0.4065017829965647
2005-02-05 21:00:00,-0.5179759085779,-0.3314975873893696
2005-02-05 22:00:00,-0.7244094744692621,-0.8572150685260386
2005-02-05 23:00:00,-0.6555982858388081,-0.4959563282161546
2005-02-06 00:00:00,-0.2427311540560837,-0.46705562899136427
2005-02-06 01:00:00,-0.5179759085779,-0.5468766078026909
2005-02-06 02:00:00,-0.5179759085779,-0.542059824598559
2005-02-06 03:00:00,-0.8620318517301703,-0.6941325514718618
2005-02-06 05:00:00,-0.9308430403606242,-1.067777305735228
2005-02-06 06:00:00,-0.9996542289910784,-1.0051591240815143
2005-02-06 07:00:00,-0.9996542289910784,-1.0271787044432596
2005-02-06 08:00:00,-1.0684654176215322,-0.9680010822210696
2005-02-06 09:00:00,-0.9308430403606242,-0.9542388444949788
2005-02-06 10:00:00,-0.586787097208354,-0.6851870969499029
2005-02-06 11:00:00,-0.1051087767951756,-0.17873674862976136
2005-02-06 12:00:00,-0.3115423426865378,-0.4133829018596099
2005-02-06 13:00:00,-0.6555982858388081,-0.7044542297664301
2005-02-06 14:00:00,-0.7932206630997162,-0.8744178656836525
2005-02-06 15:00:00,-0.9308430403606242,-0.9542388444949791
2005-02-06 16:00:00,-0.7932206630997162,-0.8620318517301707
2005-02-06 17:00:00,-0.5179759085779,-0.6088066775700992
2005-02-06 18:00:00,-0.7244094744692621,-0.7526220618077482
2005-02-06 19:00:00,-0.3803535313169918,-0.49595632821615465
2005-02-06 20:00:00,-0.2427311540560837,-0.33906681813871975
2005-02-06 21:00:00,-0.5179759085779,-0.7312905933323076
2005-02-06 22:00:00,-0.7244094744692621,-1.0891087742106687
2005-02-06 23:00:00,-0.7932206630997162,-1.1042472357093684
2005-02-07 00:00:00,-0.7244094744692621,-1.087044438551755
2005-02-07 01:00:00,-0.7932206630997162,-1.1131926902313274
2005-02-07 02:00:00,-0.9308430403606242,-1.1001185643915417
2005-02-07 03:00:00,-1.0684654176215322,-1.016857026148692
2005-02-07 04:00:00,-1.0684654176215322,-1.0147926904897782
2005-02-07 05:00:00,-1.0684654176215322,-0.9769465367430286
2005-02-07 06:00:00,-1.0684654176215322,-1.0409409421693507
2005-02-07 07:00:00,-0.9308430403606242,-0.9721297535388962
2005-02-07 08:00:00,0.1013247890961864,-0.0996038817047393
2005-02-07 09:00:00,0.4453807322484566,0.0015485655820281425
2005-02-07 10:00:00,-0.0362975881647215,-0.19938010521889774
2005-02-07 11:00:00,-0.3115423426865378,-0.5372430413944271
2005-02-07 12:00:00,-0.5179759085779,-0.5379311532807319
2005-02-07 13:00:00,-0.3803535313169918,-0.33837870625241506
2005-02-07 14:00:00,-0.5179759085779,-0.6494052788620677
2005-02-07 15:00:00,-0.586787097208354,-0.4890752093531092
2005-02-07 16:00:00,-0.5179759085779,-0.5943563279577042
2005-02-07 17:00:00,-0.3115423426865378,-0.6060542300248807
2005-02-07 18:00:00,-0.1739199654256297,-0.45191716749266375
2005-02-07 19:00:00,0.1013247890961864,-0.3287451398441513
2005-02-07 20:00:00,-0.1051087767951756,-0.48357031426267283
2005-02-07 21:00:00,-0.3803535313169918,-0.6672961879059851
2005-02-07 22:00:00,-0.7932206630997162,-0.8778584251151745
2005-02-07 23:00:00,-0.8620318517301703,-0.9996542289910786
2005-02-08 00:00:00,-0.8620318517301703,-0.9975898933321652
2005-02-08 01:00:00,-0.8620318517301703,-0.9645605227895473
2005-02-08 02:00:00,-1.1372766062519863,-1.1042472357093696
2005-02-08 03:00:00,-1.2060877948824404,-1.0946136693011062
2005-02-08 04:00:00,-1.1372766062519863,-1.0065353478541246
2005-02-08 05:00:00,-1.0684654176215322,-1.00447101219521
2005-02-08 06:00:00,-1.0684654176215322,-1.0271787044432608
2005-02-08 07:00:00,-0.7932206630997162,-0.8496458377766887
2005-02-08 08:00:00,-0.0362975881647215,0.23413038315296286
2005-02-08 09:00:00,0.5141919208789107,0.5093751376747786
2005-02-08 10:00:00,0.0325136004657325,-0.18905842692432973
2005-02-08 11:00:00,-0.3803535313169918,-0.4691199646502775
2005-02-08 12:00:00,-0.2427311540560837,-0.2564933917821744
2005-02-08 13:00:00,-0.4491647199474459,-0.7416122716268757
2005-02-08 14:00:00,0.0325136004657325,-0.2145185667175975
2005-02-08 15:00:00,-0.3803535313169918,-0.29984444061936083
2005-02-08 16:00:00,-0.4491647199474459,-0.5042136708518092
2005-02-08 17:00:00,-0.2427311540560837,0.0035637503919199566
2005-02-08 18:00:00,-0.2427311540560837,0.5066226901295601
2005-02-08 19:00:00,0.1013247890961864,0.41579192113736113
2005-02-08 20:00:00,-0.1739199654256297,0.07792898496183202
2005-02-08 21:00:00,-0.1739199654256297,0.39446045266192054
2005-02-08 22:00:00,-0.7244094744692621,0.3690003128686525
2005-02-08 23:00:00,-0.8620318517301703,0.21486325033643572
2005-02-09 00:00:00,-0.9308430403606242,0.27679332010384405
2005-02-09 01:00:00,-0.8620318517301703,0.2148632503364356
2005-02-09 02:00:00,-0.9996542289910784,-0.6342668173633668
2005-02-09 03:00:00,-0.9308430403606242,-0.44499801636580805
2005-02-09 05:00:00,-0.9996542289910784,-0.3328738111619781
2005-02-09 06:00:00,-1.0684654176215322,0.23688283069818078
2005-02-09 07:00:00,-0.7932206630997162,0.0263205934889916
2005-02-09 08:00:00,-0.3115423426865378,0.4412520609306293
2005-02-09 09:00:00,0.3765695436180029,0.4880436691993384
2005-02-09 10:00:00,0.7894366754007269,0.6917247875454825
2005-02-09 11:00:00,-0.0362975881647215,-0.03978729844526607
2005-02-09 12:00:00,-0.1051087767951756,-0.01707960619721625
2005-02-09 13:00:00,-0.1051087767951756,-0.03772296278635233
2005-02-09 14:00:00,0.1013247890961864,0.022830883208447145
2005-02-09 15:00:00,-0.1051087767951756,0.5726814312147964
2005-02-09 16:00:00,-0.0362975881647215,0.20041290072404028
2005-02-09 17:00:00,0.1013247890961864,0.06274137261411043
2005-02-09 18:00:00,0.651814298139819,0.42748982320453827
2005-02-09 19:00:00,1.202303807183451,0.4797863265636838
2005-02-09 20:00:00,1.1334926185529972,0.4144156973647521
2005-02-09 21:00:00,0.5141919208789107,0.32083248082733506
2005-02-09 22:00:00,0.0325136004657325,-0.07694534030571126
2005-02-09 23:00:00,-0.1739199654256297,0.23413038315296295
2005-02-10 00:00:00,-0.1051087767951756,0.3311541591219027
2005-02-10 01:00:00,-0.2427311540560837,-0.10442066490887095
2005-02-10 02:00:00,-0.3803535313169918,-0.22484024501216562
2005-02-10 03:00:00,-0.4491647199474459,-0.44499801636580805
2005-02-10 04:00:00,-0.5179759085779,-0.35420527963741916
2005-02-10 05:00:00,-0.4491647199474459,-0.25842010506382684
2005-02-10 06:00:00,-0.3115423426865378,0.5278394732906176
2005-02-10 07:00:00,-0.1739199654256297,0.09921130258825114
2005-02-10 08:00:00,0.7894366754007269,0.9009108009820628
2005-02-10 09:00:00,1.1334926185529972,0.8451737381913947
2005-02-10 10:00:00,1.4775485617052675,0.8795793325066212
2005-02-10 11:00:00,1.064681429922543,1.763114994521652
2005-02-10 12:00:00,0.3765695436180029,0.4715289839280294
2005-02-10 13:00:00,0.0325136004657325,0.07173597798509128
2005-02-10 14:00:00,0.1701359777266405,0.2740408725586263
2005-02-10 15:00:00,0.0325136004657325,-0.3383787062524148
2005-02-10 16:00:00,0.1013247890961864,0.2692240893544945
2005-02-10 17:00:00,0.3077583549875487,0.3228968164862484
2005-02-10 18:00:00,1.4087373730748136,0.8437975144187858
2005-02-10 19:00:00,2.7849611456838943,1.4630982120928722
2005-02-10 20:00:00,4.2988072955538845,2.359019888061381
2005-02-10 21:00:00,1.6151709389661757,0.8960940177779301
2005-02-10 22:00:00,0.3765695436180029,0.3745052079590889
2005-02-10 23:00:00,0.1701359777266405,0.014573540572792604
2005-02-11 00:00:00,0.1013247890961864,0.23688283069818086
2005-02-11 01:00:00,0.0325136004657325,0.7522786335402816
2005-02-11 02:00:00,-0.1051087767951756,0.06760730666726404
2005-02-11 03:00:00,-0.3803535313169918,-0.44499801636580805
2005-02-11 04:00:00,-0.3803535313169918,-0.34021367128255986
2005-02-11 05:00:00,-0.4491647199474459,-0.3342500349345873
2005-02-11 06:00:00,-0.3115423426865378,0.3132632500779851
2005-02-11 07:00:00,-0.2427311540560837,-0.06799988578375216
2005-02-11 08:00:00,1.1334926185529972,0.8610003115763992
2005-02-11 09:00:00,2.5785275797925324,1.5208996105424542
2005-02-11 10:00:00,2.2344716366402624,1.4981919182944043
2005-02-11 11:00:00,1.752793316227084,1.4981919182944043
2005-02-11 12:00:00,1.4775485617052675,1.5208996105424542
2005-02-11 13:00:00,2.2344716366402624,1.525028281860281
2005-02-11 14:00:00,2.5097163911620783,1.4183709394830775
2005-02-11 15:00:00,2.71614995705344,2.194561147234596
2005-02-11 16:00:00,3.404261843357981,3.6457891154508726
2005-02-11 17:00:00,3.0602059002057107,3.6567989056317454
2005-02-11 18:00:00,2.991394711575257,2.2413527555033044
2005-02-11 19:00:00,3.404261843357981,2.2922730350898415
2005-02-11 20:00:00,1.890415693487992,1.6461359738498802
2005-02-11 21:00:00,1.2711149958139054,0.7825555565376816
2005-02-11 22:00:00,1.2711149958139054,0.6614478645480818
2005-02-11 23:00:00,0.9958702412920892,0.2802338795353671
2005-02-12 00:00:00,1.4087373730748136,1.069498213126675
2005-02-12 01:00:00,1.4775485617052675,0.9270590526616351
2005-02-12 02:00:00,0.9958702412920892,0.19834856506512677
2005-02-12 03:00:00,0.2389471663570946,-0.49320388067093596
2005-02-12 05:00:00,-0.5179759085779,-0.6260094747277125
2005-02-12 06:00:00,-0.5179759085779,-0.16222206335845246
2005-02-12 07:00:00,-0.3803535313169918,0.24169961390231276
2005-02-12 08:00:00,0.1013247890961864,0.03595415989725515
2005-02-12 09:00:00,0.1701359777266405,0.09513178211944559
2005-02-12 10:00:00,0.3765695436180029,0.22036814542687203
2005-02-12 11:00:00,0.858247864031181,0.600894018553283
2005-02-12 12:00:00,0.651814298139819,0.7240660462017955
2005-02-12 13:00:00,0.9958702412920892,0.9532073043412077
2005-02-12 14:00:00,1.1334926185529972,0.9869247867701305
2005-02-12 15:00:00,0.7894366754007269,0.7054870252715729
2005-02-12 16:00:00,0.858247864031181,0.6848436686824368
2005-02-12 17:00:00,1.064681429922543,0.8142087033076902
2005-02-12 18:00:00,1.6839821275966294,2.3012184896118035
2005-02-12 19:00:00,1.959226882118446,2.631512195037983
2005-02-12 20:00:00,2.440905202531624,2.707204502531482
2005-02-12 21:00:00,2.096849259379354,2.5138450624799065
2005-02-12 22:00:00,1.959226882118446,2.0803345741080452
2005-02-12 23:00:00,1.6151709389661757,1.8394954139014548
2005-02-13 00:00:00,1.3399261844443593,1.2711149958139045
2005-02-13 01:00:00,1.3399261844443593,1.1011513598966842
2005-02-13 02:00:00,0.651814298139819,1.2800604503358648
2005-02-13 03:00:00,0.3765695436180029,0.9394450666151168
2005-02-13 04:00:00,0.4453807322484566,0.5307066061502193
2005-02-13 05:00:00,0.5141919208789107,0.4433163965895428
2005-02-13 06:00:00,0.3077583549875487,0.289179334057326
2005-02-13 07:00:00,0.3077583549875487,0.21486325033643563
2005-02-13 08:00:00,0.4453807322484566,0.42060870434149294
2005-02-13 09:00:00,0.7894366754007269,1.6709080017568438
2005-02-13 10:00:00,0.720625486770273,1.3344212893539233
2005-02-13 11:00:00,0.7894366754007269,0.5252017110597834
2005-02-13 12:00:00,-0.4491647199474459,-0.6480290550894583
2005-02-13 13:00:00,-0.6555982858388081,-0.6218808034098854
2005-02-13 14:00:00,-0.7244094744692621,-0.4918276568983273
2005-02-13 15:00:00,-0.3115423426865378,-0.13469758790627073
2005-02-13 16:00:00,-0.7932206630997162,-0.6266975866140172
2005-02-13 17:00:00,-0.7932206630997162,-0.6404598243401078
2005-02-13 18:00:00,0.3077583549875487,0.26715975369558076
2005-02-13 19:00:00,0.2389471663570946,0.08687443948379124
2005-02-13 20:00:00,-0.0362975881647215,-0.013589895916671715
2005-02-13 21:00:00,-0.7932206630997162,-0.7464290548310069
2005-02-13 22:00:00,-0.586787097208354,-0.42232835638156857
2005-02-13 23:00:00,-0.4491647199474459,-0.4464122724022274
2005-02-14 00:00:00,-0.5179759085779,-0.46086262201462275
2005-02-14 01:00:00,-0.3803535313169918,-0.47049618842288654
2005-02-14 02:00:00,-0.7244094744692621,-0.7374836003090485
2005-02-14 03:00:00,-0.9996542289910784,-0.7835870966914525
2005-02-14 04:00:00,-1.1372766062519863,-0.9329073760195378
2005-02-14 05:00:00,-1.2060877948824404,-0.965936746562156
2005-02-14 06:00:00,-0.9996542289910784,-0.7677605233064478
2005-02-14 07:00:00,-0.9996542289910784,-0.8909325509549619
2005-02-14 08:00:00,0.1013247890961864,0.29055555782993503
2005-02-14 09:00:00,0.2389471663570946,0.035266048010950686
2005-02-14 10:00:00,-0.3115423426865378,0.2052296839281721
2005-02-14 11:00:00,0.2389471663570946,2.130566741808276
2005-02-14 12:00:00,-0.0362975881647215,-0.32943325173045607
2005-02-14 13:00:00,-0.7244094744692621,-0.4746248597407138
2005-02-14 14:00:00,-0.586787097208354,-0.6452766075442398
2005-02-14 15:00:00,-0.7244094744692621,-0.7698248589653616
2005-02-14 16:00:00,-0.7244094744692621,-0.7739535302831888
2005-02-14 17:00:00,-0.5179759085779,-0.6507815026346764
2005-02-14 18:00:00,0.1013247890961864,-0.3934276571567784
2005-02-14 19:00:00,1.4087373730748136,1.0433499614471022
2005-02-14 20:00:00,0.9270590526616352,0.31532758573689856
2005-02-14 21:00:00,0.5830031095093648,-0.1353856997925754
2005-02-14 22:00:00,-0.3115423426865378,-0.3363143705935012
2005-02-14 23:00:00,-0.3803535313169918,-0.6397717124538037
2005-02-15 00:00:00,-0.7932206630997162,-0.8083591245984165
2005-02-15 01:00:00,-0.9308430403606242,-1.0065353478541241
2005-02-15 02:00:00,-1.0684654176215322,-1.0292430401021735
2005-02-15 03:00:00,-1.2060877948824404,-1.0505745085776153
2005-02-15 05:00:00,-1.2748989835128943,-1.1620486341589504
2005-02-15 06:00:00,-1.2060877948824404,-1.0030947884226011
2005-02-15 07:00:00,-1.1372766062519863,-1.0285549282158695
2005-02-15 08:00:00,-0.4491647199474459,-0.21107800728607473
2005-02-15 09:00:00,-0.0362975881647215,-0.1353856997925754
2005-02-15 10:00:00,-0.3803535313169918,-0.3191115734358879
2005-02-15 11:00:00,-0.7932206630997162,-0.7471171667173114
2005-02-15 12:00:00,-0.6555982858388081,-0.5365549295081224
2005-02-15 13:00:00,-0.586787097208354,-0.5709605238233496
2005-02-15 14:00:00,-0.5179759085779,-0.7099591248568667
2005-02-15 15:00:00,-0.7932206630997162,-0.7072066773116481
2005-02-15 16:00:00,-0.5179759085779,-0.6039898943659675
2005-02-15 17:00:00,-0.4491647199474459,-0.5338024819629044
2005-02-15 18:00:00,0.1701359777266405,-0.43884304165287796
2005-02-15 19:00:00,0.4453807322484566,0.23481849503926724
2005-02-15 20:00:00,0.651814298139819,0.2960604529203712
2005-02-15 21:00:00,0.651814298139819,-0.15190038506388476
2005-02-15 22:00:00,-0.1051087767951756,-0.1443311543145345
2005-02-15 23:00:00,-0.0362975881647215,-0.23172136387521114
2005-02-16 00:00:00,-0.1739199654256297,-0.2585577274410882
2005-02-16 01:00:00,0.2389471663570946,0.20385346015556294
2005-02-16 02:00:00,-0.1051087767951756,-0.11405423131713467
2005-02-16 03:00:00,-0.5179759085779,-0.5750891951411766
2005-02-16 04:00:00,-0.7244094744692621,-0.6198164677509719
2005-02-16 05:00:00,-0.9308430403606242,-0.6941325514718619
2005-02-16 06:00:00,-0.8620318517301703,-0.5179759085779
2005-02-16 07:00:00,-0.3803535313169918,0.07586464930291852
2005-02-16 08:00:00,0.9958702412920892,0.2754170963312351
2005-02-16 09:00:00,0.7894366754007269,0.5623597529202281
2005-02-16 10:00:00,-0.0362975881647215,-0.14501926620083896
2005-02-16 11:00:00,-0.586787097208354,-0.5977968873892265
2005-02-16 12:00:00,-0.7244094744692621,-0.6315143698181486
2005-02-16 13:00:00,-0.4491647199474459,-0.5035255589655045
2005-02-16 14:00:00,-0.4491647199474459,-0.6507815026346764
2005-02-16 15:00:00,-0.3803535313169918,-0.5097185659422455
2005-02-16 16:00:00,-0.4491647199474459,-0.5393073770533408
2005-02-16 17:00:00,-0.3803535313169918,-0.45329339126527296
2005-02-16 18:00:00,0.0325136004657325,0.05315695705486871
2005-02-16 19:00:00,0.858247864031181,0.6008940185532827
2005-02-16 20:00:00,2.37209401390117,1.9179401689401732
2005-02-16 21:00:00,2.096849259379354,0.5348352774680466
2005-02-16 22:00:00,0.4453807322484566,0.1446758379333726
2005-02-16 23:00:00,0.1701359777266405,-0.20419688842302938
2005-02-17 00:00:00,0.3765695436180029,0.14329961416076345
2005-02-17 01:00:00,0.3077583549875487,-0.30122066439196965
2005-02-17 02:00:00,0.1013247890961864,-0.2785129721439199
2005-02-17 03:00:00,-0.7932206630997162,-0.6026136705933582
2005-02-17 04:00:00,-1.0684654176215322,-0.9370360473373648
2005-02-17 05:00:00,-1.1372766062519863,-0.9803870961745521
2005-02-17 06:00:00,-1.1372766062519863,-0.9604318514717204
2005-02-17 07:00:00,-0.7932206630997162,-0.5592626217561723
2005-02-17 08:00:00,0.3077583549875487,0.18802688677055862
2005-02-17 09:00:00,0.3765695436180029,0.10201290098249101
2005-02-17 10:00:00,-0.2427311540560837,-0.44847660806114126
2005-02-17 11:00:00,-0.6555982858388081,-0.5867870972083538
2005-02-17 12:00:00,-0.586787097208354,-0.6342668173633672
2005-02-17 13:00:00,-0.5179759085779,-0.5950444398440081
2005-02-17 14:00:00,-0.2427311540560837,-0.40856611865547804
2005-02-17 15:00:00,-0.586787097208354,-0.6514696145209807
2005-02-17 16:00:00,-0.5179759085779,-0.6638556284744623
2005-02-17 17:00:00,-0.5179759085779,-0.6404598243401081
2005-02-17 18:00:00,0.1701359777266405,0.004989125013550828
2005-02-17 19:00:00,0.4453807322484566,-0.04455493080037606
2005-02-17 20:00:00,0.7894366754007269,0.11508702682227727
2005-02-17 21:00:00,0.2389471663570946,-0.0679507349347304
2005-02-17 22:00:00,-0.0362975881647215,-0.42164024449526416
2005-02-17 23:00:00,-0.6555982858388081,-0.9287787047017114
2005-02-18 00:00:00,-0.6555982858388081,-0.8737297537973475
2005-02-18 01:00:00,-0.586787097208354,-0.82418569798342
2005-02-18 02:00:00,-0.7932206630997162,-0.9349717116784519
2005-02-18 03:00:00,-0.9308430403606242,-0.8455171664588608
2005-02-18 05:00:00,-1.2060877948824404,-1.0471339491460925
2005-02-18 06:00:00,-1.1372766062519863,-0.9501101731771514
2005-02-18 07:00:00,-0.9996542289910784,-0.9329073760195383
2005-02-18 08:00:00,-0.0362975881647215,0.2506450684242717
2005-02-18 09:00:00,0.2389471663570946,0.0868744394837912
2005-02-18 10:00:00,-0.1051087767951756,-0.14639548997344806
2005-02-18 11:00:00,-0.5179759085779,-0.5207283561231182
2005-02-18 12:00:00,-0.586787097208354,-0.6411479362264128
2005-02-18 13:00:00,-0.5179759085779,-0.820745138551898
2005-02-18 14:00:00,-0.3803535313169918,-0.8276262574149439
2005-02-18 15:00:00,-0.3115423426865378,-0.691380103926644
2005-02-18 16:00:00,-0.2427311540560837,-0.49458010444354544
2005-02-18 17:00:00,0.1701359777266405,0.022191922171164356
2005-02-18 18:00:00,0.4453807322484566,0.1790814322485994
2005-02-18 19:00:00,0.7894366754007269,0.44400450847584755
2005-02-18 20:00:00,1.8216045048575376,0.8073275844446457
2005-02-18 21:00:00,0.4453807322484566,-0.14983604940497078
2005-02-18 22:00:00,0.1701359777266405,-0.030792693074285258
2005-02-18 23:00:00,0.5141919208789107,0.31463947385059415
2005-02-19 00:00:00,0.3765695436180029,0.28917933405732615
2005-02-19 01:00:00,-0.0362975881647215,-0.46774374087766857
2005-02-19 02:00:00,-0.4491647199474459,-0.7168402437199118
2005-02-19 03:00:00,-0.6555982858388081,-0.5764654189137854
2005-02-19 04:00:00,-0.8620318517301703,-0.9790108724019427
2005-02-19 05:00:00,-0.9308430403606242,-1.0030947884226016
2005-02-19 06:00:00,-0.9308430403606242,-0.9790108724019426
2005-02-19 07:00:00,-0.7244094744692621,-0.6893157682677304
2005-02-19 08:00:00,-0.1739199654256297,-0.37966541943068727
2005-02-19 09:00:00,0.2389471663570946,-0.16841507033519332
2005-02-19 10:00:00,0.0325136004657325,-0.36934374113611923
2005-02-19 11:00:00,-0.0362975881647215,-0.1966276576736795
2005-02-19 12:00:00,0.1013247890961864,-0.04730737834559423
2005-02-19 13:00:00,-0.6555982858388081,-0.7154640199473026
2005-02-19 14:00:00,-0.6555982858388081,-0.6294500341592351
2005-02-19 15:00:00,-0.7244094744692621,-0.8523982853219069
2005-02-19 16:00:00,-0.7244094744692621,-0.7567507331255753
2005-02-19 17:00:00,-0.5179759085779,-0.732666817104917
2005-02-19 18:00:00,-0.3115423426865378,-0.39755632847460537
2005-02-19 19:00:00,0.2389471663570946,-0.040426259482548785
2005-02-19 20:00:00,0.3765695436180029,0.2609667467188398
2005-02-19 21:00:00,0.651814298139819,0.3173919213958123
2005-02-19 22:00:00,0.4453807322484566,0.16944786584033594
2005-02-19 23:00:00,-0.1739199654256297,-0.07414374191147127
2005-02-20 00:00:00,-0.1739199654256297,-0.16084583958584328
2005-02-20 01:00:00,-0.3115423426865378,-0.4347143703350504
2005-02-20 02:00:00,0.0325136004657325,-0.025975909870153455
2005-02-20 03:00:00,-0.3803535313169918,-0.6067423419111851
2005-02-20 04:00:00,-0.4491647199474459,-0.6260094747277125
2005-02-20 05:00:00,-0.9308430403606242,-0.9012542292495291
2005-02-20 06:00:00,-1.1372766062519863,-0.9693773059936788
2005-02-20 07:00:00,-1.1372766062519863,-0.9452933899730198
2005-02-20 08:00:00,-0.9996542289910784,-0.9067591243399654
2005-02-20 09:00:00,-0.9996542289910784,-0.8916206628412654
2005-02-20 10:00:00,-0.8620318517301703,-0.8936849985001788
2005-02-20 11:00:00,-0.7932206630997162,-0.8895563271823519
2005-02-20 12:00:00,-0.7244094744692621,-0.8847395439782201
2005-02-20 13:00:00,-0.7244094744692621,-0.8523982853219069
2005-02-20 14:00:00,-0.7932206630997162,-0.9253381452701883
2005-02-20 15:00:00,-0.7244094744692621,-0.8420766070273387
2005-02-20 16:00:00,-0.586787097208354,-0.7897801036681933
2005-02-20 17:00:00,-0.6555982858388081,-0.8709773062521292
2005-02-20 18:00:00,-0.586787097208354,-0.802166117621675
2005-02-20 19:00:00,-0.7244094744692621,-0.8606556279575612
2005-02-20 20:00:00,-0.4491647199474459,-0.5241689155546406
2005-02-20 21:00:00,-0.5179759085779,-0.7223451388103481
2005-02-20 22:00:00,-0.7244094744692621,-0.8475815021177749
2005-02-20 23:00:00,-0.586787097208354,-0.6583507333840256
2005-02-21 00:00:00,-0.5179759085779,-0.7808346491462342
2005-02-21 01:00:00,-0.7244094744692621,-0.8819870964330023
2005-02-21 02:00:00,-0.9308430403606242,-0.9927731101280337
2005-02-21 03:00:00,-1.0684654176215322,-1.0423171659419603
2005-02-21 05:00:00,-1.1372766062519863,-1.0271787044432608
2005-02-21 06:00:00,-1.0684654176215322,-0.887491991523438
2005-02-21 07:00:00,-0.6555982858388081,-0.44916471994744606
2005-02-21 08:00:00,0.0325136004657325,0.09857234155096832
2005-02-21 09:00:00,0.5141919208789107,0.14467583793337252
2005-02-21 10:00:00,0.5141919208789107,0.11371080304966817
2005-02-21 11:00:00,-0.1051087767951756,-0.017030455348194445
2005-02-21 12:00:00,-0.3115423426865378,0.018063250853337133
2005-02-21 13:00:00,0.0325136004657325,-0.025287797983848916
2005-02-21 14:00:00,-0.2427311540560837,-0.20350877653672497
2005-02-21 15:00:00,-0.3803535313169918,-0.4381549297665729
2005-02-21 16:00:00,-0.1739199654256297,-0.06382206361690317
2005-02-21 17:00:00,0.0325136004657325,-0.01978290289341262
2005-02-21 18:00:00,0.0325136004657325,-0.13882625922409822
2005-02-21 19:00:00,1.890415693487992,1.2463429679069424
2005-02-21 20:00:00,2.853772334314348,1.101151359896684
2005-02-21 21:00:00,0.3765695436180029,-0.1009801054773484
2005-02-21 22:00:00,-0.5179759085779,-0.7484933904899207
2005-02-21 23:00:00,-0.6555982858388081,-0.913640243203011
2005-02-22 00:00:00,-0.9308430403606242,-0.9645605227895473
2005-02-22 01:00:00,-0.9308430403606242,-0.9590556276991107
2005-02-22 02:00:00,-0.9996542289910784,-1.0051591240815143
2005-02-22 03:00:00,-1.2060877948824404,-1.102182900050456
2005-02-22 04:00:00,-1.2060877948824404,-1.1359003824793785
2005-02-22 05:00:00,-1.1372766062519863,-1.0168570261486922
2005-02-22 06:00:00,-0.8620318517301703,-0.9507982850634565
2005-02-22 07:00:00,-0.4491647199474459,-0.5248570274409453
2005-02-22 08:00:00,1.1334926185529972,-0.016342343461889945
2005-02-22 09:00:00,2.2344716366402624,2.106482825787617
2005-02-22 10:00:00,0.9270590526616352,0.29881290046558956
2005-02-22 11:00:00,-0.3115423426865378,-0.25511716800956546
2005-02-22 12:00:00,-0.1051087767951756,0.07311220175770038
2005-02-22 13:00:00,-0.0362975881647215,-0.1071731124540893
2005-02-22 14:00:00,0.5830031095093648,0.15637374000054963
2005-02-22 15:00:00,-0.0362975881647215,0.018751362739641644
2005-02-22 16:00:00,0.2389471663570946,-0.003956329508408178
2005-02-22 17:00:00,0.0325136004657325,-0.18492975560650224
2005-02-22 18:00:00,0.1701359777266405,0.13366604775249993
2005-02-22 19:00:00,0.9958702412920892,0.2582142991736216
2005-02-22 20:00:00,0.3077583549875487,-0.28745842666587895
2005-02-22 21:00:00,0.3765695436180029,0.21899192165426304
2005-02-22 22:00:00,-0.5179759085779,-0.8276262574149432
2005-02-22 23:00:00,-0.8620318517301703,-1.0381884946241333
2005-02-23 00:00:00,-0.4491647199474459,-0.7140877961746936
2005-02-23 01:00:00,-0.7244094744692621,-0.8228094742108115
2005-02-23 02:00:00,-0.9308430403606242,-1.0918612217558874
2005-02-23 03:00:00,-1.0684654176215322,-1.0271787044432608
2005-02-23 04:00:00,-1.0684654176215322,-1.0065353478541235
2005-02-23 05:00:00,-1.0684654176215322,-1.0636486344174012
2005-02-23 06:00:00,-1.0684654176215322,-1.0629605225310965
2005-02-23 07:00:00,-0.9996542289910784,-1.1544794034096006
2005-02-23 08:00:00,-0.3115423426865378,0.09031499891531386
2005-02-23 09:00:00,-0.1739199654256297,-0.30947800702762407
2005-02-23 10:00:00,-0.5179759085779,-0.7106472367431711
2005-02-23 11:00:00,-0.586787097208354,-0.7230332506966526
2005-02-23 12:00:00,-0.6555982858388081,-0.6803703137457714
2005-02-23 13:00:00,-0.1739199654256297,-0.10029199359104381
2005-02-23 14:00:00,0.2389471663570946,0.04283527876030063
2005-02-23 15:00:00,0.1013247890961864,0.029761152920514292
2005-02-23 16:00:00,0.1013247890961864,0.20591779581447664
2005-02-23 17:00:00,0.2389471663570946,0.1660073064088133
2005-02-23 18:00:00,0.4453807322484566,-0.006708777053626347
2005-02-23 19:00:00,0.3765695436180029,-0.05625283286755327
2005-02-23 20:00:00,0.651814298139819,0.05866185214530497
2005-02-23 21:00:00,0.5141919208789107,0.09375555834683658
2005-02-23 22:00:00,0.3077583549875487,0.2355066069255718
2005-02-23 23:00:00,-0.4491647199474459,-0.5523815028931269
2005-02-24 00:00:00,-0.3803535313169918,-0.5860989853220495
2005-02-24 01:00:00,-0.7244094744692621,-1.0120402429445607
2005-02-24 02:00:00,-0.8620318517301703,-0.7966612225312393
2005-02-24 03:00:00,-0.9996542289910784,-1.0010304527636875
2005-02-24 05:00:00,-1.0684654176215322,-1.0120402429445603
2005-02-24 06:00:00,-0.9308430403606242,-0.8799227607740883
2005-02-24 07:00:00,-0.4491647199474459,-0.42439269204048274
2005-02-24 08:00:00,0.651814298139819,0.0256324816026871
2005-02-24 09:00:00,1.1334926185529972,-0.04937171400450786
2005-02-24 10:00:00,0.3765695436180029,0.18733877488425424
2005-02-24 11:00:00,-0.2427311540560837,-0.03767381193733066
2005-02-24 12:00:00,-0.5179759085779,-0.31429479023175605
2005-02-24 13:00:00,-0.3115423426865378,-0.016342343461889897
2005-02-24 14:00:00,-0.1739199654256297,-0.16841507033519343
2005-02-24 15:00:00,0.0325136004657325,0.13022548832097713
2005-02-24 16:00:00,0.5830031095093648,0.3765695436180028
2005-02-24 17:00:00,0.5830031095093648,0.27816954387645343
2005-02-24 18:00:00,1.202303807183451,0.4894198929719471
2005-02-24 19:00:00,1.2711149958139054,0.7570954167444134
2005-02-24 20:00:00,1.202303807183451,0.5933247878039328
2005-02-24 21:00:00,0.9270590526616352,0.1549975162279406
2005-02-24 22:00:00,0.1701359777266405,0.18183387979381774
2005-02-24 23:00:00,-0.0362975881647215,0.04145905498769155
2005-02-25 00:00:00,0.2389471663570946,0.19559611751990855
2005-02-25 01:00:00,-0.0362975881647215,0.0029247893546372494
2005-02-25 02:00:00,-0.4491647199474459,-0.566831852505522
2005-02-25 03:00:00,-0.7244094744692621,-0.6383954886811943
2005-02-25 04:00:00,-0.7932206630997162,-0.6707367473375077
2005-02-25 05:00:00,-0.9308430403606242,-1.0547031798954423
2005-02-25 06:00:00,-0.7932206630997162,-0.6549101739525033
2005-02-25 07:00:00,-0.5179759085779,-0.2681912938493517
2005-02-25 08:00:00,0.9958702412920892,1.3316688418087055
2005-02-25 09:00:00,2.5097163911620783,2.4092520557616144
2005-02-25 10:00:00,1.4087373730748136,1.1637695415503966
2005-02-25 11:00:00,0.7894366754007269,0.5919485640313238
2005-02-25 12:00:00,-0.3115423426865378,-0.4918276568983274
2005-02-25 13:00:00,-0.0362975881647215,-0.17529618919823875
2005-02-25 14:00:00,0.0325136004657325,-0.161533951472148
2005-02-25 15:00:00,-0.2427311540560837,-0.5957325517303126
2005-02-25 16:00:00,-0.1051087767951756,-0.4120066780870004
2005-02-25 17:00:00,0.1013247890961864,-0.17116751788041146
2005-02-25 18:00:00,0.4453807322484566,0.3029415717834168
2005-02-25 19:00:00,0.858247864031181,0.2809219914216714
2005-02-25 20:00:00,1.2711149958139054,0.3517975157110391
2005-02-25 21:00:00,0.1013247890961864,-0.20144444087781121
2005-02-25 22:00:00,0.3765695436180029,0.22243248108578573
2005-02-25 23:00:00,0.3765695436180029,0.5176324803104335
2005-02-26 00:00:00,0.4453807322484566,0.4089108022743161
2005-02-26 01:00:00,-0.0362975881647215,-0.26681507007674254
2005-02-26 02:00:00,-0.1739199654256297,-0.32530458041262855
2005-02-26 03:00:00,-0.0362975881647215,-0.4223283563815685
2005-02-26 04:00:00,-0.3115423426865378,-0.3734724124539462
2005-02-26 05:00:00,-0.586787097208354,-0.7044542297664296
2005-02-26 06:00:00,-0.8620318517301703,-1.1235143685258961
2005-02-26 07:00:00,-0.7932206630997162,-1.003094788422601
2005-02-26 08:00:00,-0.7932206630997162,-0.8269381455286383
2005-02-26 09:00:00,-0.4491647199474459,-0.683122761290989
2005-02-26 10:00:00,-0.4491647199474459,-0.7409241597405708
2005-02-26 11:00:00,-0.5179759085779,-0.7423003835131794
2005-02-26 12:00:00,0.1701359777266405,-0.5943563279577034
2005-02-26 13:00:00,0.4453807322484566,-0.7209689150377391
2005-02-26 14:00:00,0.5141919208789107,-0.7264738101281754
2005-02-26 15:00:00,0.3077583549875487,-0.8523982853219069
2005-02-26 16:00:00,0.2389471663570946,-0.7333549289912213
2005-02-26 17:00:00,0.3765695436180029,-0.6858752088362071
2005-02-26 18:00:00,0.4453807322484566,-0.7010136703349074
2005-02-26 19:00:00,0.5830031095093648,-0.39962066413351877
2005-02-26 20:00:00,1.064681429922543,0.12128003379901817
2005-02-26 21:00:00,0.9270590526616352,-0.2619982868726109
2005-02-26 22:00:00,1.1334926185529972,0.05384506894117322
2005-02-26 23:00:00,1.4775485617052675,0.23137793560774456
2005-02-27 00:00:00,1.8216045048575376,0.12334436945793176
2005-02-27 01:00:00,1.4087373730748136,0.16600730640881328
2005-02-27 02:00:00,0.7894366754007269,-0.44228360108440057
2005-02-27 03:00:00,0.5830031095093648,-0.4340262584487457
2005-02-27 05:00:00,-0.7932206630997162,-1.1035591238230642
2005-02-27 06:00:00,-0.8620318517301703,-0.8097353483710253
2005-02-27 07:00:00,-0.7244094744692621,-0.7140877961746936
2005-02-27 08:00:00,-0.7244094744692621,-0.6776178662005528
2005-02-27 09:00:00,-0.6555982858388081,-0.747805278603616
2005-02-27 10:00:00,-0.3115423426865378,-0.3707199649087281
2005-02-27 11:00:00,-0.3803535313169918,-0.5964206636166175
2005-02-27 12:00:00,-0.5179759085779,-0.6645437403607666
2005-02-27 13:00:00,-0.2427311540560837,-0.667984299792289
2005-02-27 14:00:00,-0.7244094744692621,-0.8847395439782207
2005-02-27 15:00:00,-0.8620318517301703,-0.879234648887784
2005-02-27 16:00:00,-0.7244094744692621,-0.9081353481125756
2005-02-27 17:00:00,-0.7244094744692621,-0.89368499850018
2005-02-27 18:00:00,-0.6555982858388081,-0.8159283553477656
2005-02-27 19:00:00,-0.3803535313169918,-0.46017451012831884
2005-02-27 20:00:00,0.3077583549875487,-0.38517031452112377
2005-02-27 21:00:00,-0.4491647199474459,-1.151726955864382
2005-02-27 22:00:00,-0.7932206630997162,-1.1517269558643823
2005-02-27 23:00:00,-0.586787097208354,-0.7945968868723244
2005-02-28 00:00:00,-0.3803535313169918,-0.844140942686252
2005-02-28 01:00:00,-0.7932206630997162,-1.0416290540556559
2005-02-28 02:00:00,-1.0684654176215322,-1.0629605225310963
2005-02-28 03:00:00,-1.2060877948824404,-1.1359003824793787
2005-02-28 04:00:00,-1.2748989835128943,-1.272146535967676
2005-02-28 05:00:00,-1.2748989835128943,-1.2742108716265896
2005-02-28 06:00:00,-1.2748989835128943,-1.255631850696367
2005-02-28 07:00:00,-1.2060877948824404,-1.0278668163295648
2005-02-28 08:00:00,-0.7932206630997162,-0.9707535297662879
2005-02-28 09:00:00,-0.6555982858388081,-0.99070877446912
2005-02-28 10:00:00,-0.7932206630997162,-1.0030947884226016
2005-02-28 11:00:00,-0.8620318517301703,-0.9962136695595558
2005-02-28 12:00:00,-0.9308430403606242,-0.9900206625828144
2005-02-28 13:00:00,-0.7244094744692621,-0.8985017817043106
2005-02-28 14:00:00,-0.7932206630997162,-0.8661605230479978
2005-02-28 15:00:00,-0.9308430403606242,-0.8909325509549612
2005-02-28 16:00:00,-0.8620318517301703,-0.856526956639734
2005-02-28 17:00:00,-0.8620318517301703,-0.8351954881642931
2005-02-28 18:00:00,-0.1051087767951756,-0.526921363099859
2005-02-28 19:00:00,0.1701359777266405,-0.3975563284746056
2005-02-28 20:00:00,0.2389471663570946,-0.3074136713687105
2005-02-28 21:00:00,-0.3803535313169918,-0.5413717127122541
2005-02-28 22:00:00,-0.8620318517301703,-0.2537409442369565
2005-02-28 23:00:00,-0.9996542289910784,-0.26750318196304723
2005-03-01 00:00:00,-1.0684654176215322,-0.7189045793788263
2005-03-01 01:00:00,-1.0684654176215322,-0.9053829005673565
2005-03-01 02:00:00,-1.2060877948824404,-0.524857027440946
2005-03-01 03:00:00,-1.3437101721433486,-0.3280570279578467
2005-03-01 04:00:00,-1.3437101721433486,-0.3397549300250239
2005-03-01 05:00:00,-1.3437101721433486,-0.3383787062524148
2005-03-01 06:00:00,-1.3437101721433486,-0.3370024824798057
2005-03-01 07:00:00,-1.1372766062519863,-0.6397717124538036
2005-03-01 08:00:00,-0.4491647199474459,-0.4553577269241868
2005-03-01 09:00:00,-0.1739199654256297,-0.4587982863557094
2005-03-01 10:00:00,-0.5179759085779,-0.1463954899734482
2005-03-01 11:00:00,-0.8620318517301703,-0.22484024501216562
2005-03-01 12:00:00,-0.9996542289910784,-0.2317213638752111
2005-03-01 13:00:00,-0.9308430403606242,-0.21933534992172932
2005-03-01 14:00:00,-0.7932206630997162,-0.14570737808714349
2005-03-01 15:00:00,-0.8620318517301703,-0.5819703140042223
2005-03-01 16:00:00,-0.7932206630997162,-0.15190038506388442
2005-03-01 17:00:00,-0.8620318517301703,-0.15052416129127533
2005-03-01 18:00:00,-0.5179759085779,-0.8338192643916842
2005-03-01 19:00:00,-0.0362975881647215,-0.19043465069693855
2005-03-01 20:00:00,0.4453807322484566,0.23275415938035368
2005-03-01 21:00:00,0.0325136004657325,-0.4766891953996277
2005-03-01 22:00:00,-0.7932206630997162,-0.23240947576151566
2005-03-01 23:00:00,-0.7244094744692621,-0.21727101426281575
2005-03-02 00:00:00,-0.8620318517301703,-0.22759269255738387
2005-03-02 01:00:00,-0.9308430403606242,-0.23172136387521114
2005-03-02 02:00:00,-1.0684654176215322,-0.3019087762782741
2005-03-02 03:00:00,-1.1372766062519863,-0.23378569953412448
2005-03-02 05:00:00,-1.2060877948824404,-1.0168570261486922
2005-03-02 06:00:00,-1.1372766062519863,-0.8978136698180065
2005-03-02 07:00:00,-0.9996542289910784,-0.7980374463038477
2005-03-02 08:00:00,0.1701359777266405,0.19972478883773584
2005-03-02 09:00:00,0.4453807322484566,0.5121275852199971
2005-03-02 10:00:00,-0.1051087767951756,-0.0025801057357991166
2005-03-02 11:00:00,0.0325136004657325,-0.03836192382363516
2005-03-02 12:00:00,-0.5179759085779,-0.3184234615495833
2005-03-02 13:00:00,-0.6555982858388081,-0.47393674785440937
2005-03-02 14:00:00,-0.1739199654256297,-0.2998444406193606
2005-03-02 15:00:00,-0.586787097208354,-0.3266808041852377
2005-03-02 16:00:00,-0.1051087767951756,-0.1945633220147658
2005-03-02 17:00:00,-0.1051087767951756,-0.19525143390107036
2005-03-02 18:00:00,0.858247864031181,1.1266114996899521
2005-03-02 19:00:00,2.0280380707489,1.3213471635141363
2005-03-02 20:00:00,2.165660448009808,1.0750031082171114
2005-03-02 21:00:00,0.4453807322484566,0.0359541598972552
2005-03-02 22:00:00,-0.3803535313169918,-0.23447381142042928
2005-03-02 23:00:00,-0.5179759085779,-0.5723367475959588
2005-03-03 00:00:00,-0.5179759085779,-0.5482528315752998
2005-03-03 01:00:00,-0.5179759085779,-0.6789940899731621
2005-03-03 02:00:00,-0.7244094744692621,-0.7429884953994843
2005-03-03 03:00:00,-0.8620318517301703,-0.6858752088362076
2005-03-03 04:00:00,-0.7932206630997162,-0.6817465375183805
2005-03-03 05:00:00,-0.7932206630997162,-0.6370192649085855
2005-03-03 06:00:00,-0.6555982858388081,-0.47668919539962745
2005-03-03 07:00:00,-0.5179759085779,-0.7319787052186119
2005-03-03 08:00:00,0.5830031095093648,1.3757080025321957
2005-03-03 09:00:00,1.4087373730748136,1.1403737374160436
2005-03-03 10:00:00,-0.0362975881647215,-0.21864723803542488
2005-03-03 11:00:00,-0.1051087767951756,-0.18561786749280684
2005-03-03 12:00:00,-0.3803535313169918,-0.4113185662006963
2005-03-03 13:00:00,-0.5179759085779,-0.4519171674926639
2005-03-03 14:00:00,-0.3803535313169918,-0.37760108377177354
2005-03-03 15:00:00,-0.4491647199474459,-0.36727940547720556
2005-03-03 16:00:00,-0.3115423426865378,-0.33700248247980574
2005-03-03 17:00:00,-0.1739199654256297,0.05866185214530505
2005-03-03 18:00:00,1.1334926185529972,0.7915010110596404
2005-03-03 19:00:00,2.2344716366402624,1.1775317792764886
2005-03-03 20:00:00,1.4087373730748136,0.057973740259000435
2005-03-03 21:00:00,1.1334926185529972,-0.16910318222149795
2005-03-03 22:00:00,0.1013247890961864,0.3882674456851799
2005-03-03 23:00:00,-0.0362975881647215,-0.05487660909494419
2005-03-04 00:00:00,0.1013247890961864,0.07448842553030945
2005-03-04 01:00:00,0.1013247890961864,-0.42920947524461417
2005-03-04 02:00:00,-0.3115423426865378,-0.5606388455287814
2005-03-04 03:00:00,-0.6555982858388081,-0.7574388450118797
2005-03-04 04:00:00,-1.0684654176215322,-1.0980542287326278
2005-03-04 05:00:00,-0.8620318517301703,-1.0230500331254335
2005-03-04 06:00:00,-0.7244094744692621,-0.6184402439783626
2005-03-04 07:00:00,-0.1739199654256297,-0.0018919938494944943
2005-03-04 08:00:00,1.064681429922543,1.0316520593799254
2005-03-04 09:00:00,2.71614995705344,2.5792156916788365
2005-03-04 10:00:00,1.6839821275966294,0.33597094232603475
2005-03-04 11:00:00,0.7894366754007269,0.6593835288891685
2005-03-04 12:00:00,0.7894366754007269,0.8107681438761685
2005-03-04 13:00:00,0.858247864031181,0.6284184940054642
2005-03-04 14:00:00,0.9958702412920892,0.1494926211375043
2005-03-04 15:00:00,1.202303807183451,0.35042129193843
2005-03-04 16:00:00,1.8216045048575376,0.2767933201038442
2005-03-04 17:00:00,1.202303807183451,0.8224660459433454
2005-03-04 18:00:00,0.9958702412920892,0.6380520604137278
2005-03-04 19:00:00,0.9958702412920892,0.5534142983982695
2005-03-04 20:00:00,1.6839821275966294,1.0688101012403708
2005-03-04 21:00:00,0.1013247890961864,-0.12781646904322552
2005-03-04 22:00:00,-0.3803535313169918,-0.4870108736941955
2005-03-04 23:00:00,-0.2427311540560837,-0.38723465018003705
2005-03-05 00:00:00,0.0325136004657325,-0.2668150700767427
2005-03-05 01:00:00,-0.0362975881647215,-0.28745842666587895
2005-03-05 02:00:00,-0.3115423426865378,-0.6163759083194492
2005-03-05 03:00:00,-0.4491647199474459,-0.6005493349344442
2005-03-05 05:00:00,-0.7244094744692621,-0.7292262576733932
2005-03-05 06:00:00,-0.7244094744692621,-0.6831227612909891
2005-03-05 07:00:00,-0.9308430403606242,-1.2143451375180963
2005-03-05 08:00:00,-0.586787097208354,-0.5448122721437774
2005-03-05 09:00:00,0.1013247890961864,-0.15809339204062517
2005-03-05 10:00:00,-0.7244094744692621,-0.7835870966914525
2005-03-05 11:00:00,-0.7244094744692621,-0.7436766072857891
2005-03-05 12:00:00,-0.4491647199474459,-0.8228094742108112
2005-03-05 13:00:00,-0.3803535313169918,-0.7884038798955847
2005-03-05 14:00:00,0.0325136004657325,-0.7189045793788259
2005-03-05 15:00:00,-0.4491647199474459,-0.8255619217560298
2005-03-05 16:00:00,-0.2427311540560837,-0.7835870966914527
2005-03-05 17:00:00,-0.1051087767951756,-0.027352133642762552
2005-03-05 18:00:00,-0.1739199654256297,-0.19938010521889774
2005-03-05 19:00:00,0.2389471663570946,0.0923793345742275
2005-03-05 20:00:00,0.3077583549875487,0.05934996403160958
2005-03-05 21:00:00,0.720625486770273,0.19215555808838578
2005-03-05 22:00:00,0.0325136004657325,-0.021847238552326193
2005-03-05 23:00:00,-0.1739199654256297,-0.29433954552892433
2005-03-06 00:00:00,0.1701359777266405,0.1295373764346727
2005-03-06 01:00:00,-0.2427311540560837,-0.44434793674331424
2005-03-06 02:00:00,-0.8620318517301703,-0.9115759075440973
2005-03-06 03:00:00,-0.9308430403606242,-0.9858919912649877
2005-03-06 04:00:00,-0.9996542289910784,-0.9817633199471605
2005-03-06 05:00:00,-1.0684654176215322,-1.0595199630995742
2005-03-06 06:00:00,-1.1372766062519863,-1.1331479349341604
2005-03-06 07:00:00,-1.0684654176215322,-1.0457577253734827
2005-03-06 08:00:00,-1.0684654176215322,-1.0017185646499918
2005-03-06 09:00:00,-0.9996542289910784,-0.9335954879058428
2005-03-06 10:00:00,-0.9996542289910784,-0.9755703129704199
2005-03-06 11:00:00,-0.8620318517301703,-0.9239619214975793
2005-03-06 12:00:00,-0.7932206630997162,-0.9494220612908475
2005-03-06 13:00:00,-0.7932206630997162,-0.8833633202056115
2005-03-06 14:00:00,-0.5179759085779,-0.555133950438345
2005-03-06 15:00:00,0.5830031095093648,0.23413038315296283
2005-03-06 16:00:00,-0.4491647199474459,-0.6865633207225117
2005-03-06 17:00:00,-0.3115423426865378,-0.43884304165287796
2005-03-06 18:00:00,0.1013247890961864,-0.45260527937896855
2005-03-06 19:00:00,0.2389471663570946,-0.32048779720849674
2005-03-06 20:00:00,-0.0362975881647215,-0.4491647199474458
2005-03-06 21:00:00,-0.4491647199474459,-0.6934444395855575
2005-03-06 22:00:00,-0.5179759085779,-0.8049185651668931
2005-03-06 23:00:00,-0.5179759085779,-0.692756327699253
2005-03-07 00:00:00,-0.5179759085779,-0.8868038796371333
2005-03-07 01:00:00,-0.6555982858388081,-0.8599675160712564
2005-03-07 02:00:00,-0.8620318517301703,-1.0767227602571874
2005-03-07 03:00:00,-1.0684654176215322,-1.0863563266654517
2005-03-07 04:00:00,-1.2060877948824404,-1.1297073755026374
2005-03-07 05:00:00,-1.2060877948824404,-1.0946136693011062
2005-03-07 06:00:00,-1.1372766062519863,-1.0547031798954418
2005-03-07 07:00:00,-0.9996542289910784,-1.100118564391542
2005-03-07 08:00:00,-0.4491647199474459,-0.33837870625241484
2005-03-07 09:00:00,-0.1739199654256297,-0.3370024824798058
2005-03-07 10:00:00,-0.3803535313169918,-0.3149829021180607
2005-03-07 11:00:00,-0.5179759085779,-0.5888514328672676
2005-03-07 12:00:00,-0.586787097208354,-0.5860989853220494
2005-03-07 13:00:00,-0.586787097208354,-0.7085829010842578
2005-03-07 14:00:00,-0.6555982858388081,-0.8434528307999476
2005-03-07 15:00:00,-0.586787097208354,-0.4195759088363509
2005-03-07 16:00:00,-0.5179759085779,-0.3844822026348192
2005-03-07 17:00:00,-0.3115423426865378,-0.20488500030933404
2005-03-07 18:00:00,0.2389471663570946,-0.11405423131713467
2005-03-07 19:00:00,1.1334926185529972,0.43230660640867025
2005-03-07 20:00:00,1.4087373730748136,0.9043513604135849
2005-03-07 21:00:00,0.4453807322484566,0.08618632759748662
2005-03-07 22:00:00,-0.4491647199474459,-0.48907520935310944
2005-03-07 23:00:00,-0.2427311540560837,-0.2936514336426198
2005-03-08 00:00:00,-0.4491647199474459,-0.7140877961746935
2005-03-08 01:00:00,-0.4491647199474459,-0.42714513958570066
2005-03-08 02:00:00,-0.6555982858388081,-0.9246500333838833
2005-03-08 03:00:00,-0.9308430403606242,-0.9033185649084424
2005-03-08 05:00:00,-0.9996542289910784,-0.9721297535388971
2005-03-08 06:00:00,-0.9996542289910784,-0.9879563269239011
2005-03-08 07:00:00,-0.586787097208354,-0.3597101747278557
2005-03-08 08:00:00,0.858247864031181,1.5676912188111618
2005-03-08 09:00:00,2.303282825270716,2.1154282803095756
2005-03-08 10:00:00,1.3399261844443593,0.36693597720973903
2005-03-08 11:00:00,0.5830031095093648,0.032513600465732456
2005-03-08 12:00:00,-0.1739199654256297,-0.0975395460458257
2005-03-08 13:00:00,-0.2427311540560837,-0.62256891529619
2005-03-08 14:00:00,-0.0362975881647215,-0.31429479023175605
2005-03-08 15:00:00,0.1013247890961864,-0.11680667886235283
2005-03-08 16:00:00,0.1013247890961864,-0.056940944753857775
2005-03-08 17:00:00,-0.1051087767951756,-0.14708360185975264
2005-03-08 18:00:00,0.651814298139819,0.7171849273387505
2005-03-08 19:00:00,2.0280380707489,1.5126422679068
2005-03-08 20:00:00,2.5785275797925324,1.6660912185527115
2005-03-08 21:00:00,0.720625486770273,0.38895555757148415
2005-03-08 22:00:00,0.1701359777266405,0.2052296839281721
2005-03-08 23:00:00,-0.5179759085779,-0.4938919925572411
2005-03-09 00:00:00,-0.5179759085779,-0.6205045796372763
2005-03-09 01:00:00,-0.586787097208354,-0.7787703134873205
2005-03-09 02:00:00,-0.7932206630997162,-0.7925325512134114
2005-03-09 03:00:00,-0.9308430403606242,-0.8744178656836517
2005-03-09 04:00:00,-0.9308430403606242,-1.082915767233928
2005-03-09 05:00:00,-0.8620318517301703,-0.8496458377766889
2005-03-09 06:00:00,-0.8620318517301703,-0.6211926915235808
2005-03-09 07:00:00,-0.3115423426865378,-0.2675031819630471
2005-03-09 08:00:00,1.4775485617052675,2.0177163924543327
2005-03-09 09:00:00,2.6473387684229865,2.2915849232035375
2005-03-09 10:00:00,1.1334926185529972,0.9883010105427394
2005-03-09 11:00:00,0.7894366754007269,0.5644240885791418
2005-03-09 12:00:00,0.1013247890961864,0.06829541855356855
2005-03-09 13:00:00,0.1701359777266405,0.23894716635709462
2005-03-09 14:00:00,0.0325136004657325,0.007741572558768993
2005-03-09 15:00:00,-0.1739199654256297,-0.09685143415952108
2005-03-09 16:00:00,-0.3115423426865378,-0.21038989539977046
2005-03-09 17:00:00,-0.1739199654256297,0.061414299690523186
2005-03-09 18:00:00,1.1334926185529972,0.7921891229459449
2005-03-09 19:00:00,2.165660448009808,2.445033873849451
2005-03-09 20:00:00,2.5785275797925324,2.757436670231714
2005-03-09 21:00:00,2.303282825270716,1.6908632464596751
2005-03-09 22:00:00,-0.1051087767951756,-0.12368779772539819
2005-03-09 23:00:00,-0.2427311540560837,-0.555133950438345
2005-03-10 00:00:00,-0.3803535313169918,-0.3865465382937326
2005-03-10 01:00:00,-0.586787097208354,-0.6728010829964213
2005-03-10 02:00:00,-0.7244094744692621,-0.6039898943659673
2005-03-10 03:00:00,-0.7244094744692621,-0.6273856985003213
2005-03-10 04:00:00,-0.7932206630997162,-0.670048635451203
2005-03-10 05:00:00,-0.9308430403606242,-0.6955087752444709
2005-03-10 06:00:00,-0.8620318517301703,-0.6081185656837942
2005-03-10 07:00:00,-0.586787097208354,-0.3583339509552465
2005-03-10 08:00:00,1.3399261844443593,1.8718366725577695
2005-03-10 09:00:00,1.202303807183451,1.9413359730745272
2005-03-10 10:00:00,0.9270590526616352,0.45294996299780643
2005-03-10 11:00:00,0.3765695436180029,0.371752760413871
2005-03-10 12:00:00,0.1013247890961864,0.169447865840336
2005-03-10 13:00:00,0.1013247890961864,-0.011525560257758121
2005-03-10 14:00:00,-0.0362975881647215,-0.28539409100696556
2005-03-10 15:00:00,0.0325136004657325,-0.06175772795798956
2005-03-10 16:00:00,-0.2427311540560837,-0.39136332149786457
2005-03-10 17:00:00,-0.1739199654256297,-0.30534933570979683
2005-03-10 18:00:00,0.3765695436180029,0.007053460672464452
2005-03-10 19:00:00,1.752793316227084,1.154824087028438
2005-03-10 20:00:00,2.2344716366402624,1.4424548555037362
2005-03-10 21:00:00,1.4087373730748136,0.6318590534369871
2005-03-10 22:00:00,-0.0362975881647215,-0.08377730831973487
2005-03-10 23:00:00,-0.5179759085779,-0.5138472372600728
2005-03-11 00:00:00,-0.5179759085779,-0.5503171672342131
2005-03-11 01:00:00,-0.5179759085779,-0.5957325517303133
2005-03-11 02:00:00,-0.7932206630997162,-0.804918565166893
2005-03-11 03:00:00,-0.9308430403606242,-1.0368122708515242
2005-03-11 05:00:00,-0.9996542289910784,-1.1544794034096006
2005-03-11 06:00:00,-1.0684654176215322,-0.9542388444949793
2005-03-11 07:00:00,-1.3437101721433486,-0.5675199643918268
2005-03-11 08:00:00,-0.4491647199474459,0.443316396589543
2005-03-11 09:00:00,0.9270590526616352,1.845000308991892
2005-03-11 10:00:00,0.5830031095093648,1.2484073035658554
2005-03-11 11:00:00,0.5830031095093648,1.2711149958139054
2005-03-11 12:00:00,-0.7932206630997162,-0.015654231575585365
2005-03-11 13:00:00,-0.4491647199474459,0.2506450684242717
2005-03-11 14:00:00,0.0325136004657325,0.4426282847032387
2005-03-11 15:00:00,-0.3115423426865378,0.266471641809276
2005-03-11 16:00:00,-0.7244094744692621,0.03733038366986427
2005-03-11 17:00:00,-0.586787097208354,-0.06519828738951224
2005-03-11 18:00:00,-0.4491647199474459,0.4378115014991069
2005-03-11 19:00:00,0.858247864031181,1.792015693746442
2005-03-11 20:00:00,1.1334926185529972,1.8745891201029878
2005-03-11 21:00:00,0.4453807322484566,0.5458450676489194
2005-03-11 22:00:00,-0.9308430403606242,-0.417511573177437
2005-03-11 23:00:00,-1.1372766062519863,-0.4663675171050592
2005-03-12 00:00:00,-0.7932206630997162,-0.42920947524461434
2005-03-12 01:00:00,-1.2060877948824404,-0.5633912930739995
2005-03-12 02:00:00,-1.2060877948824404,-0.5035255589655044
2005-03-12 03:00:00,-1.2748989835128943,-0.6996374465622981
2005-03-12 08:00:00,-1.4125213607738023,-0.7195926912651303
2005-03-12 09:00:00,-1.3437101721433486,-0.52554513932725
2005-03-12 10:00:00,-1.0684654176215322,-0.5145353491463771
2005-03-12 11:00:00,-0.9996542289910784,-0.6700486354512034
2005-03-12 12:00:00,-1.0684654176215322,-0.5468766078026905
2005-03-12 13:00:00,-1.2748989835128943,-0.46980807653658213
2005-03-12 14:00:00,-1.1372766062519863,-0.266126958190438
2005-03-12 15:00:00,-1.3437101721433486,-0.681058425632076
2005-03-12 16:00:00,-1.2060877948824404,-0.45604583881049143
2005-03-12 17:00:00,-0.9996542289910784,-0.1333213641336617
2005-03-12 18:00:00,-0.8620318517301703,-0.0899703152964757
2005-03-12 19:00:00,-0.9308430403606242,-0.147771713746057
2005-03-12 20:00:00,0.1701359777266405,0.11715136248119094
2005-03-12 21:00:00,0.7894366754007269,0.6029583542121962
2005-03-12 22:00:00,-0.8620318517301703,-0.35076472020589655
2005-03-12 23:00:00,-1.4125213607738023,-0.6783059780868577
2005-03-13 00:00:00,-1.4125213607738023,-0.8991898935906157
2005-03-13 01:00:00,-1.4125213607738023,-0.8310668168464658
2005-03-13 02:00:00,-1.3437101721433486,-0.8448290545725563
2005-03-13 09:00:00,-1.4125213607738023,-0.829002481187552
2005-03-13 10:00:00,-1.2748989835128943,-0.4670556289913639
2005-03-13 11:00:00,-0.7932206630997162,-0.0872178677512576
2005-03-13 12:00:00,-0.3803535313169918,0.13160171209358615
2005-03-13 13:00:00,-0.5179759085779,-0.0569409447538578
2005-03-13 14:00:00,-1.2748989835128943,-0.8510220615492977
2005-03-13 15:00:00,-1.4125213607738023,-0.7884038798955845
2005-03-13 16:00:00,-1.2748989835128943,-0.592980104185095
2005-03-13 17:00:00,-1.1372766062519863,-0.43402625844874615
2005-03-13 18:00:00,-0.9308430403606242,-0.16015772769953876
2005-03-13 19:00:00,0.720625486770273,0.5816268857367555
2005-03-13 20:00:00,0.4453807322484566,0.4804744384499881
2005-03-13 21:00:00,-0.7932206630997162,-0.45054094372005493
2005-03-13 22:00:00,-0.8620318517301703,0.00017234180941909065
2005-03-13 23:00:00,-0.8620318517301703,-0.05969339229907592
2005-03-14 00:00:00,-1.2060877948824404,-0.6941325514718625
2005-03-14 01:00:00,-1.2060877948824404,-0.48288220237636786
2005-03-14 02:00:00,-1.2748989835128943,-0.48425842614897696
2005-03-14 03:00:00,-1.4125213607738023,-0.7182164674925214
2005-03-14 05:00:00,-0.9308430403606242,-0.7526220618077478
2005-03-14 06:00:00,-0.7932206630997162,-0.5971087755029221
2005-03-14 07:00:00,-0.3803535313169918,0.012558355762900769
2005-03-14 08:00:00,0.9270590526616352,0.7694814306978955
2005-03-14 09:00:00,1.2711149958139054,2.059691217518908
2005-03-14 10:00:00,0.9270590526616352,0.34078772553016656
2005-03-14 11:00:00,-0.3803535313169918,-0.41200667808700053
2005-03-14 12:00:00,-0.4491647199474459,-0.2509884966917381
2005-03-14 13:00:00,-0.4491647199474459,-0.2757605245987016
2005-03-14 14:00:00,-0.3115423426865378,-0.1505241612912752
2005-03-14 15:00:00,-0.3803535313169918,-0.1746080773119341
2005-03-14 16:00:00,0.1701359777266405,0.3084464668738529
2005-03-14 17:00:00,0.858247864031181,0.6786506617056962
2005-03-14 18:00:00,2.2344716366402624,2.36452478315182
2005-03-14 19:00:00,2.991394711575257,2.9322170893530655
2005-03-14 20:00:00,2.991394711575257,2.762941565322149
2005-03-14 21:00:00,1.2711149958139054,0.3738170960727843
2005-03-14 22:00:00,-0.0362975881647215,-0.11336611943083003
2005-03-14 23:00:00,-0.3803535313169918,-0.20557311219563842
2005-03-15 00:00:00,-0.4491647199474459,-0.4725605240817999
2005-03-15 01:00:00,-0.9996542289910784,-0.9191451382934471
2005-03-15 02:00:00,-0.9996542289910784,-0.9473577256319332
2005-03-15 03:00:00,-1.0684654176215322,-0.931531152246929
2005-03-15 04:00:00,-1.1372766062519863,-1.040252830283047
2005-03-15 05:00:00,-1.2060877948824404,-1.0258024806706514
2005-03-15 06:00:00,-1.0684654176215322,-0.8826752083193067
2005-03-15 07:00:00,-0.8620318517301703,-0.6996374465622989
2005-03-15 08:00:00,0.3077583549875487,0.7336996126100594
2005-03-15 09:00:00,0.7894366754007269,0.8169611508529085
2005-03-15 10:00:00,1.2711149958139054,0.6697052071837365
2005-03-15 11:00:00,0.651814298139819,0.5706170955558829
2005-03-15 12:00:00,0.0325136004657325,0.09444367023314115
2005-03-15 13:00:00,-0.0362975881647215,0.002924789354637215
2005-03-15 14:00:00,0.0325136004657325,0.04971639762334606
2005-03-15 15:00:00,-0.1739199654256297,0.14811639736489524
2005-03-15 16:00:00,0.2389471663570946,0.324961152145162
2005-03-15 17:00:00,0.5141919208789107,0.46395975317867943
2005-03-15 18:00:00,1.202303807183451,1.2614814294056422
2005-03-15 19:00:00,2.853772334314348,2.793218488319549
2005-03-15 20:00:00,3.610695409249344,3.2336100955544533
2005-03-15 21:00:00,2.440905202531624,1.2250114994315011
2005-03-15 22:00:00,0.1013247890961864,0.009805908217682647
2005-03-15 23:00:00,-0.4491647199474459,-0.5571982860972585
2005-03-16 00:00:00,-0.5179759085779,-0.47875353105854096
2005-03-16 01:00:00,-0.7244094744692621,-0.7553745093529664
2005-03-16 02:00:00,-0.8620318517301703,-0.8778584251151745
2005-03-16 03:00:00,-0.9996542289910784,-0.9129521313167066
2005-03-16 04:00:00,-1.0684654176215322,-0.9205213620660566
2005-03-16 05:00:00,-1.0684654176215322,-0.9590556276991109
2005-03-16 06:00:00,-0.9308430403606242,-0.6659199641333755
2005-03-16 07:00:00,-0.7932206630997162,-0.6411479362264123
2005-03-16 08:00:00,-0.0362975881647215,0.010494020103987162
2005-03-16 09:00:00,1.4087373730748136,2.109235273332835
2005-03-16 10:00:00,1.4775485617052675,0.3497331800521254
2005-03-16 11:00:00,0.720625486770273,0.18802688677055848
2005-03-16 12:00:00,0.4453807322484566,0.2024772363829539
2005-03-16 13:00:00,0.1701359777266405,0.2141751384501311
2005-03-16 14:00:00,0.2389471663570946,0.09031499891531387
2005-03-16 15:00:00,0.5141919208789107,0.7681052069252863
2005-03-16 16:00:00,0.5830031095093648,0.35110940382473443
2005-03-16 17:00:00,0.9958702412920892,1.0894534578295065
2005-03-16 18:00:00,0.9270590526616352,0.934628283410985
2005-03-16 19:00:00,1.8216045048575376,2.116804504082185
2005-03-16 20:00:00,1.5463597503357218,1.7548576518859968
2005-03-16 21:00:00,1.890415693487992,2.3197975105420254
2005-03-16 22:00:00,0.5141919208789107,0.23550660692557163
2005-03-16 23:00:00,-0.0362975881647215,0.17288842527185866
2005-03-17 00:00:00,-0.3803535313169918,-0.5771535308000902
2005-03-17 01:00:00,-0.6555982858388081,-0.7595031806707933
2005-03-17 02:00:00,-0.8620318517301703,-0.9845157674923787
2005-03-17 03:00:00,-0.9996542289910784,-0.9308430403606245
2005-03-17 05:00:00,-1.1372766062519863,-0.9487339494045426
2005-03-17 06:00:00,-1.0684654176215322,-0.8654724111616927
2005-03-17 07:00:00,-0.586787097208354,-0.4732486359681049
2005-03-17 08:00:00,1.1334926185529972,1.7362786309557743
2005-03-17 09:00:00,2.37209401390117,2.773951355503022
2005-03-17 10:00:00,1.5463597503357218,0.11646325059488641
2005-03-17 11:00:00,0.5830031095093648,0.23413038315296283
2005-03-17 12:00:00,0.0325136004657325,0.2857387746258032
2005-03-17 13:00:00,-0.1051087767951756,0.13297793586619547
2005-03-17 14:00:00,0.0325136004657325,0.25064506842427176
2005-03-17 15:00:00,-0.0362975881647215,0.1488045092511998
2005-03-17 16:00:00,0.0325136004657325,0.14398772604706805
2005-03-17 17:00:00,-0.1739199654256297,-0.05418849720863962
2005-03-17 18:00:00,0.3765695436180029,0.6414926198452511
2005-03-17 19:00:00,1.202303807183451,1.1513835275969155
2005-03-17 20:00:00,2.37209401390117,1.976429679276059
2005-03-17 21:00:00,1.890415693487992,0.9972464650646978
2005-03-17 22:00:00,0.0325136004657325,-0.07758430134299404
2005-03-17 23:00:00,-0.1739199654256297,-0.0748318537977758
2005-03-18 00:00:00,-0.5179759085779,-0.5331143700765996
2005-03-18 01:00:00,-0.586787097208354,-0.5434360483711675
2005-03-18 02:00:00,-0.7244094744692621,-0.5936682160713991
2005-03-18 03:00:00,-0.8620318517301703,-0.7677605233064478
2005-03-18 04:00:00,-0.8620318517301703,-0.8709773062521292
2005-03-18 05:00:00,-0.9996542289910784,-0.9748822010841155
2005-03-18 06:00:00,-0.9308430403606242,-0.8179926910066793
2005-03-18 07:00:00,-0.6555982858388081,-0.40168499979243244
2005-03-18 08:00:00,0.5141919208789107,0.6098394730752422
2005-03-18 09:00:00,2.2344716366402624,2.591601705632318
2005-03-18 10:00:00,1.4775485617052675,0.7467737384498454
2005-03-18 11:00:00,0.651814298139819,0.14742828547859063
2005-03-18 12:00:00,0.1701359777266405,0.1549975162279407
2005-03-18 13:00:00,0.1013247890961864,0.2527094040831853
2005-03-18 14:00:00,0.1013247890961864,0.006365348786159932
2005-03-18 15:00:00,0.1013247890961864,0.2465163971064445
2005-03-18 16:00:00,0.858247864031181,0.46877653638281097
2005-03-18 17:00:00,1.064681429922543,0.42060870434149344
2005-03-18 18:00:00,1.3399261844443593,0.95664786377273
2005-03-18 19:00:00,2.37209401390117,1.9179401689401727
2005-03-18 20:00:00,2.165660448009808,2.447098209508365
2005-03-18 21:00:00,1.890415693487992,0.8671933185531401
2005-03-18 22:00:00,-0.1051087767951756,-0.17323185353932508
2005-03-18 23:00:00,-0.1739199654256297,-0.5675199643918268
2005-03-19 00:00:00,0.0325136004657325,-0.47393674785440937
2005-03-19 01:00:00,-0.1739199654256297,-0.5627031811876951
2005-03-19 02:00:00,-0.7244094744692621,-0.8840514320919156
2005-03-19 03:00:00,-0.7932206630997162,-0.8200570266655935
2005-03-19 04:00:00,-0.8620318517301703,-0.9088234599988789
2005-03-19 05:00:00,-0.8620318517301703,-0.9040066767947469
2005-03-19 06:00:00,-0.9996542289910784,-0.9294668165880158
2005-03-19 07:00:00,-0.7932206630997162,-0.6968849990170802
2005-03-19 08:00:00,-0.1051087767951756,0.017375138967032563
2005-03-19 09:00:00,0.3765695436180029,0.2926198934888486
2005-03-19 10:00:00,0.2389471663570946,-0.05212416154972604
2005-03-19 11:00:00,0.1701359777266405,-0.07758430134299403
2005-03-19 12:00:00,0.0325136004657325,-0.01978290289341261
2005-03-19 13:00:00,-0.0362975881647215,-0.1119898956582209
2005-03-19 14:00:00,-0.2427311540560837,-0.5950444398440087
2005-03-19 15:00:00,-0.5179759085779,-0.4904514331257186
2005-03-19 16:00:00,-0.0362975881647215,-0.07620807757038485
2005-03-19 17:00:00,-0.3115423426865378,-0.506278006510723
2005-03-19 18:00:00,-0.1739199654256297,-0.1904346506969386
2005-03-19 19:00:00,0.3765695436180029,0.4254254875456251
2005-03-19 20:00:00,0.720625486770273,0.36762408909604355
2005-03-19 21:00:00,0.7894366754007269,0.08136954439335485
2005-03-19 22:00:00,0.1013247890961864,-0.054876609094944157
2005-03-19 23:00:00,-0.1739199654256297,-0.06519828738951224
2005-03-20 00:00:00,-0.1739199654256297,-0.6445884956579354
2005-03-20 01:00:00,-0.1739199654256297,-0.5785297545726995
2005-03-20 02:00:00,-0.4491647199474459,-0.7189045793788257
2005-03-20 03:00:00,-0.7244094744692621,-0.7512458380351387
2005-03-20 05:00:00,-0.9308430403606242,-0.9487339494045415
2005-03-20 06:00:00,-1.0684654176215322,-1.0443815016008748
2005-03-20 07:00:00,-0.9996542289910784,-0.8923087747275702
2005-03-20 08:00:00,-0.9996542289910784,-0.8998780054769198
2005-03-20 09:00:00,-0.7932206630997162,-0.7099591248568663
2005-03-20 10:00:00,-0.4491647199474459,-0.5159115729189865
2005-03-20 11:00:00,0.1701359777266405,-0.05212416154972597
2005-03-20 12:00:00,-0.3803535313169918,-0.7113353486294757
2005-03-20 13:00:00,-0.6555982858388081,-0.8104234602573298
2005-03-20 14:00:00,-0.8620318517301703,-0.9274024809291013
2005-03-20 15:00:00,-0.8620318517301703,-0.8248738098697248
2005-03-20 16:00:00,-0.7244094744692621,-0.7505577261488348
2005-03-20 17:00:00,-0.5179759085779,-0.464303181446146
2005-03-20 18:00:00,-0.3115423426865378,-0.5372430413944272
2005-03-20 19:00:00,0.5141919208789107,0.5045583544706473
2005-03-20 20:00:00,1.2711149958139054,0.5100632495610834
2005-03-20 21:00:00,1.2711149958139054,0.5933247878039327
2005-03-20 22:00:00,-0.1739199654256297,-0.5310500344176863
2005-03-20 23:00:00,-0.4491647199474459,-0.5042136708518092
2005-03-21 00:00:00,-0.4491647199474459,-0.5351787057355137
2005-03-21 01:00:00,-0.3803535313169918,-0.6631675165881579
2005-03-21 02:00:00,-0.7244094744692621,-0.7429884953994842
2005-03-21 03:00:00,-0.9308430403606242,-0.8888682152960473
2005-03-21 04:00:00,-0.9996542289910784,-0.9604318514717195
2005-03-21 05:00:00,-1.0684654176215322,-0.973505977311506
2005-03-21 06:00:00,-0.9996542289910784,-0.8503339496629932
2005-03-21 07:00:00,-0.586787097208354,-0.5957325517303133
2005-03-21 08:00:00,0.720625486770273,0.9029751366409761
2005-03-21 09:00:00,2.71614995705344,3.042314991161792
2005-03-21 10:00:00,1.4775485617052675,0.5355233893543515
2005-03-21 11:00:00,0.3077583549875487,0.3008772361245031
2005-03-21 12:00:00,-0.1051087767951756,-0.03973814759624427
2005-03-21 13:00:00,-0.2427311540560837,-0.24754793726021543
2005-03-21 14:00:00,-0.0362975881647215,0.091691222687923
2005-03-21 15:00:00,-0.0362975881647215,-0.1305689165884435
2005-03-21 16:00:00,-0.1051087767951756,-0.0541884972086396
2005-03-21 17:00:00,0.3077583549875487,0.31463947385059404
2005-03-21 18:00:00,1.6151709389661757,1.8099066027903605
2005-03-21 19:00:00,2.922583522944803,2.807668837931944
2005-03-21 20:00:00,2.6473387684229865,2.547562544908828
2005-03-21 21:00:00,1.1334926185529972,0.4990534593802108
2005-03-21 22:00:00,-0.0362975881647215,-0.07551996568408033
2005-03-21 23:00:00,-0.6555982858388081,-0.6741773067690304
2005-03-22 00:00:00,-0.586787097208354,-0.5035255589655048
2005-03-22 01:00:00,-0.4491647199474459,-0.5916038804124859
2005-03-22 02:00:00,-0.8620318517301703,-0.8523982853219068
2005-03-22 03:00:00,-0.9996542289910784,-0.9969017814458608
2005-03-22 04:00:00,-1.1372766062519863,-0.9886444388102058
2005-03-22 05:00:00,-1.0684654176215322,-0.9618080752443287
2005-03-22 06:00:00,-0.9996542289910784,-0.9060710124536613
2005-03-22 07:00:00,-0.8620318517301703,-0.6397717124538034
2005-03-22 08:00:00,0.0325136004657325,0.5541024102845742
2005-03-22 09:00:00,1.752793316227084,2.395489818035524
2005-03-22 10:00:00,1.6151709389661757,0.803198913126818
2005-03-22 11:00:00,0.651814298139819,0.6050226898711101
2005-03-22 12:00:00,0.4453807322484566,0.46327164129237447
2005-03-22 13:00:00,0.1701359777266405,0.2540856278557945
2005-03-22 14:00:00,0.2389471663570946,0.2554618516284037
2005-03-22 15:00:00,-0.1051087767951756,-0.1216234620664845
2005-03-22 16:00:00,-0.3115423426865378,-0.05487660909494415
2005-03-22 17:00:00,-0.3115423426865378,-0.12781646904322538
2005-03-22 18:00:00,0.7894366754007269,1.1789080030490977
2005-03-22 19:00:00,1.6151709389661757,1.4156184919378592
2005-03-22 20:00:00,2.5097163911620783,1.2029919190697564
2005-03-22 21:00:00,1.4775485617052675,0.17908143224859954
2005-03-22 22:00:00,0.5830031095093648,-0.5172877966915956
2005-03-22 23:00:00,0.4453807322484566,-0.5399954889396458
2005-03-23 00:00:00,0.3765695436180029,-0.5234808036683365
2005-03-23 01:00:00,0.1701359777266405,-0.7484933904899209
2005-03-23 02:00:00,0.0325136004657325,-0.7574388450118801
2005-03-23 03:00:00,-0.1051087767951756,-0.9239619214975786
2005-03-23 05:00:00,-1.1372766062519863,-0.964560522789547
2005-03-23 06:00:00,-0.9996542289910784,-0.7553745093529664
2005-03-23 07:00:00,-0.6555982858388081,-0.600549334934445
2005-03-23 08:00:00,1.202303807183451,1.9495933157101824
2005-03-23 09:00:00,1.890415693487992,2.4422814263042336
2005-03-23 10:00:00,1.6839821275966294,1.1465667443927834
2005-03-23 11:00:00,0.858247864031181,0.6511261862535143
2005-03-23 12:00:00,-0.1051087767951756,0.04352339064660513
2005-03-23 13:00:00,-0.1739199654256297,0.06279052346313228
2005-03-23 14:00:00,0.1701359777266405,0.1591261875457679
2005-03-23 15:00:00,0.1701359777266405,0.26922408935449416
2005-03-23 16:00:00,0.0325136004657325,0.31601569762320286
2005-03-23 17:00:00,0.2389471663570946,0.37519331984539356
2005-03-23 18:00:00,1.202303807183451,1.5697555544700754
2005-03-23 19:00:00,2.7849611456838943,2.954924781601116
2005-03-23 20:00:00,3.473073031988435,3.0746562498181063
2005-03-23 21:00:00,1.202303807183451,0.843109402532481
2005-03-23 22:00:00,0.1701359777266405,0.23481849503926722
2005-03-23 23:00:00,0.1013247890961864,0.4818506622225975
2005-03-24 00:00:00,-0.1739199654256297,-0.037673811937330645
2005-03-24 01:00:00,-0.3115423426865378,-0.09822765793213019
2005-03-24 02:00:00,-0.8620318517301703,-0.7161521318336075
2005-03-24 03:00:00,-0.9996542289910784,-0.7622556282160116
2005-03-24 04:00:00,-1.1372766062519863,-0.9335954879058425
2005-03-24 05:00:00,-1.2060877948824404,-0.9274024809291014
2005-03-24 06:00:00,-1.2060877948824404,-0.9397884948825829
2005-03-24 07:00:00,-0.9996542289910784,-0.644588495657935
2005-03-24 08:00:00,0.651814298139819,0.9284352764342445
2005-03-24 09:00:00,0.858247864031181,0.24101150201600824
2005-03-24 10:00:00,0.9270590526616352,0.9174254862533721
2005-03-24 11:00:00,0.720625486770273,1.204368142842365
2005-03-24 12:00:00,0.720625486770273,1.487182128113532
2005-03-24 13:00:00,0.7894366754007269,1.2325807301808513
2005-03-24 14:00:00,0.5830031095093648,0.6820912211372184
2005-03-24 15:00:00,-0.1051087767951756,0.12196814568532272
2005-03-24 16:00:00,0.1013247890961864,0.2554618516284035
2005-03-24 17:00:00,0.0325136004657325,0.15086884491011335
2005-03-24 18:00:00,0.3765695436180029,0.5541024102845741
2005-03-24 19:00:00,2.5785275797925324,2.956301005373725
2005-03-24 20:00:00,3.6795065978797976,3.3904996056318897
2005-03-24 21:00:00,1.959226882118446,2.76294156532215
2005-03-24 22:00:00,1.2711149958139054,1.4059849255295958
2005-03-24 23:00:00,0.3765695436180029,0.4797863265636839
2005-03-25 00:00:00,-0.1051087767951756,-0.06932695870733951
2005-03-25 01:00:00,-0.4491647199474459,-0.4980206638750685
2005-03-25 02:00:00,-0.7932206630997162,-0.7925325512134119
2005-03-25 03:00:00,-0.7932206630997162,-0.8097353483710253
2005-03-25 04:00:00,-0.8620318517301703,-0.8434528307999476
2005-03-25 05:00:00,-0.9308430403606242,-0.78771576800928
2005-03-25 06:00:00,-1.0684654176215322,-0.9157045788619245
2005-03-25 07:00:00,-0.7932206630997162,-0.4484766080611414
2005-03-25 08:00:00,0.720625486770273,0.997246465064698
2005-03-25 09:00:00,1.4775485617052675,2.036983525270858
2005-03-25 10:00:00,0.3765695436180029,0.27954576764906225
2005-03-25 11:00:00,-0.3803535313169918,0.002236677468332699
2005-03-25 12:00:00,-0.5179759085779,0.4935485642897746
2005-03-25 13:00:00,0.1013247890961864,1.0550478635142801
2005-03-25 14:00:00,-0.0362975881647215,0.5320828299228286
2005-03-25 15:00:00,-0.5179759085779,0.557542969716097
2005-03-25 16:00:00,0.858247864031181,0.7350758363826677
2005-03-25 17:00:00,1.1334926185529972,0.9862366748838258
2005-03-25 18:00:00,1.890415693487992,2.484256251368811
2005-03-25 19:00:00,2.440905202531624,2.7739513555030224
2005-03-25 20:00:00,2.303282825270716,2.5344884190690418
2005-03-25 21:00:00,1.202303807183451,0.9146730387081534
2005-03-25 22:00:00,0.651814298139819,0.6043345779848055
2005-03-25 23:00:00,-0.1051087767951756,0.0634786353494368
2005-03-26 00:00:00,0.2389471663570946,0.3923961170030072
2005-03-26 01:00:00,0.0325136004657325,0.16738353018142238
2005-03-26 02:00:00,-0.4491647199474459,-0.2076374478545521
2005-03-26 03:00:00,-0.6555982858388081,-0.5234808036683364
2005-03-26 05:00:00,-0.9308430403606242,-0.5833465377768314
2005-03-26 06:00:00,-1.4125213607738023,-0.6253213628414084
2005-03-26 07:00:00,-0.7244094744692621,-0.5138472372600724
2005-03-26 08:00:00,-0.3115423426865378,-0.04661926645928967
2005-03-26 09:00:00,-0.0362975881647215,0.18321010356642684
2005-03-26 10:00:00,0.1013247890961864,0.1928436699746903
2005-03-26 11:00:00,-0.0362975881647215,0.01806325085333714
2005-03-26 12:00:00,-0.1739199654256297,-0.11543045508974376
2005-03-26 13:00:00,-0.3115423426865378,-0.5530696147794317
2005-03-26 14:00:00,-0.586787097208354,-0.5647675168466086
2005-03-26 15:00:00,-0.586787097208354,-0.22484024501216568
2005-03-26 16:00:00,-0.3803535313169918,-0.2386024827382564
2005-03-26 17:00:00,0.0325136004657325,0.11233457927705912
2005-03-26 18:00:00,0.1013247890961864,0.07311220175770033
2005-03-26 19:00:00,0.0325136004657325,0.10751779607292736
2005-03-26 20:00:00,-0.1051087767951756,-0.13263325224735711
2005-03-26 21:00:00,0.1013247890961864,0.035954159897255165
2005-03-26 22:00:00,0.0325136004657325,0.10201290098249101
2005-03-26 23:00:00,-0.3803535313169918,-0.2165829023765111
2005-03-27 00:00:00,-0.3803535313169918,-0.48563464992158695
2005-03-27 01:00:00,-0.586787097208354,-0.6789940899731621
2005-03-27 03:00:00,-0.7932206630997162,-0.8001017819627617
2005-03-27 03:00:00,-0.7932206630997162,-0.7278500339007848
2005-03-27 04:00:00,-0.7932206630997162,-0.7911563274408028
2005-03-27 05:00:00,-0.9308430403606242,-0.9597437395854148
2005-03-27 06:00:00,-0.9996542289910784,-0.9239619214975786
2005-03-27 07:00:00,-0.7244094744692621,-0.7044542297664305
2005-03-27 08:00:00,-0.7244094744692621,-0.7464290548310075
2005-03-27 09:00:00,-0.7244094744692621,-0.728538145787089
2005-03-27 10:00:00,-0.5179759085779,-0.6934444395855577
2005-03-27 11:00:00,-0.586787097208354,-0.6838108731772943
2005-03-27 12:00:00,-0.4491647199474459,-0.5406836008259499
2005-03-27 13:00:00,-0.586787097208354,-0.7058304535390394
2005-03-27 14:00:00,-0.9308430403606242,-0.9033185649084423
2005-03-27 15:00:00,-0.8620318517301703,-0.9212094739523607
2005-03-27 16:00:00,-0.5179759085779,-0.7423003835131803
2005-03-27 17:00:00,-0.2427311540560837,-0.39480388092938745
2005-03-27 18:00:00,-0.3803535313169918,-0.49733255198876386
2005-03-27 19:00:00,-0.2427311540560837,-0.5338024819629047
2005-03-27 20:00:00,-0.0362975881647215,-0.4842584261489777
2005-03-27 21:00:00,-0.1739199654256297,-0.507654230283332
2005-03-27 22:00:00,-0.3115423426865378,-0.4684318527639732
2005-03-27 23:00:00,-0.1739199654256297,-0.49664444010245956
2005-03-28 00:00:00,-0.3803535313169918,-0.6211926915235809
2005-03-28 01:00:00,-0.6555982858388081,-0.8200570266655934
2005-03-28 02:00:00,-0.7932206630997162,-0.855150732867125
2005-03-28 03:00:00,-0.7932206630997162,-0.8634080755027795
2005-03-28 04:00:00,-0.9308430403606242,-0.9728178654252013
2005-03-28 05:00:00,-1.0684654176215322,-0.998966117104774
2005-03-28 06:00:00,-1.0684654176215322,-1.007911571626733
2005-03-28 07:00:00,-0.7932206630997162,-0.8248738098697254
2005-03-28 08:00:00,-0.7932206630997162,-0.7512458380351391
2005-03-28 09:00:00,-0.586787097208354,-0.576465418913786
2005-03-28 10:00:00,-0.4491647199474459,-0.4629269576735367
2005-03-28 11:00:00,-0.3803535313169918,-0.4065017829965646
2005-03-28 12:00:00,-0.5179759085779,-0.7519339499214438
2005-03-28 13:00:00,-0.5179759085779,-0.804230453280589
2005-03-28 14:00:00,-0.6555982858388081,-0.6328905935907582
2005-03-28 15:00:00,-0.586787097208354,-0.7643199638749257
2005-03-28 16:00:00,-0.5179759085779,-0.7581269568981845
2005-03-28 17:00:00,-0.3803535313169918,-0.43402625844874626
2005-03-28 18:00:00,0.4453807322484566,0.0318254885794279
2005-03-28 19:00:00,1.064681429922543,0.5719933193284921
2005-03-28 20:00:00,0.5141919208789107,-0.11336611943083014
2005-03-28 21:00:00,-0.2427311540560837,-0.2145185667175975
2005-03-28 22:00:00,-0.3803535313169918,-0.5049017827381139
2005-03-28 23:00:00,-0.3115423426865378,-0.5152234610326822
2005-03-29 00:00:00,-0.4491647199474459,-0.5468766078026909
2005-03-29 01:00:00,-0.7932206630997162,-0.8675367468206067
2005-03-29 02:00:00,-0.9308430403606242,-0.9714416416525922
2005-03-29 03:00:00,-1.1372766062519863,-1.0842919910065376
2005-03-29 05:00:00,-1.1372766062519863,-1.016168914262388
2005-03-29 06:00:00,-0.7932206630997162,-0.6349549292496719
2005-03-29 07:00:00,0.5830031095093648,0.3999653477523571
2005-03-29 08:00:00,2.0280380707489,2.158091217260456
2005-03-29 09:00:00,1.4775485617052675,0.8568716402585718
2005-03-29 10:00:00,0.7894366754007269,0.426801711318234
2005-03-29 11:00:00,0.1701359777266405,-0.0858416439786485
2005-03-29 12:00:00,0.1701359777266405,0.24789262087905362
2005-03-29 13:00:00,0.2389471663570946,0.254773739742099
2005-03-29 14:00:00,0.1013247890961864,0.2974366766929806
2005-03-29 15:00:00,0.3765695436180029,0.37863387927691616
2005-03-29 16:00:00,0.3765695436180029,0.340099613643862
2005-03-29 17:00:00,0.7894366754007269,0.23068982372143979
2005-03-29 18:00:00,1.202303807183451,0.2699122012407988
2005-03-29 19:00:00,0.3077583549875487,0.38689122191257075
2005-03-29 20:00:00,0.720625486770273,0.4557024105430249
2005-03-29 21:00:00,0.1013247890961864,-0.10786122434039383
2005-03-29 22:00:00,-0.5179759085779,-0.5661437406192177
2005-03-29 23:00:00,-0.7244094744692621,-0.5888514328672677
2005-03-30 00:00:00,-0.6555982858388081,-0.6005493349344451
2005-03-30 01:00:00,-0.8620318517301703,-0.787027656122975
2005-03-30 02:00:00,-0.9996542289910784,-0.9329073760195373
2005-03-30 03:00:00,-1.1372766062519863,-1.0443815016008742
2005-03-30 04:00:00,-1.2060877948824404,-1.020297585580215
2005-03-30 05:00:00,-1.1372766062519863,-0.9329073760195377
2005-03-30 06:00:00,-0.9308430403606242,-0.765696187647535
2005-03-30 07:00:00,0.1013247890961864,0.39446045266192065
2005-03-30 08:00:00,0.5141919208789107,0.5334590536954379
2005-03-30 09:00:00,0.651814298139819,0.3421639493027756
2005-03-30 10:00:00,0.3765695436180029,0.38207443870843855
2005-03-30 11:00:00,-0.2427311540560837,-0.16497451090367055
2005-03-30 12:00:00,-0.1739199654256297,-0.0810248607745167
2005-03-30 13:00:00,-0.2427311540560837,-0.22621646878477464
2005-03-30 14:00:00,-0.2427311540560837,-0.21933534992172946
2005-03-30 15:00:00,-0.2427311540560837,-0.2819535315754425
2005-03-30 16:00:00,-0.3115423426865378,-0.050747937777116926
2005-03-30 17:00:00,0.720625486770273,0.6586954170028646
2005-03-30 18:00:00,0.858247864031181,0.4639597531786792
2005-03-30 19:00:00,1.4087373730748136,0.9291233883205493
2005-03-30 20:00:00,0.9270590526616352,0.37932199116322096
2005-03-30 21:00:00,-0.1051087767951756,-0.031480804960589796
2005-03-30 22:00:00,-0.5179759085779,-0.5331143700766002
2005-03-30 23:00:00,-0.4491647199474459,-0.5702724119370453
2005-03-31 00:00:00,-0.6555982858388081,-0.5737129713685677
2005-03-31 01:00:00,-0.7244094744692621,-0.6961968871307755
2005-03-31 02:00:00,-0.9996542289910784,-0.923961921497579
2005-03-31 03:00:00,-1.0684654176215322,-1.000342340877384
2005-03-31 04:00:00,-1.1372766062519863,-1.0182332499213016
2005-03-31 05:00:00,-1.0684654176215322,-0.901942341135833
2005-03-31 06:00:00,-0.8620318517301703,-0.5750891951411766
2005-03-31 07:00:00,1.2711149958139054,1.8924800291469048
2005-03-31 08:00:00,1.3399261844443593,0.3655597534371301
2005-03-31 09:00:00,-0.1739199654256297,-0.4883870974668048
2005-03-31 10:00:00,-0.586787097208354,-0.7092710129705619
2005-03-31 11:00:00,-0.6555982858388081,-0.7629437401023168
2005-03-31 12:00:00,-0.6555982858388081,-0.766384299533839
2005-03-31 13:00:00,-0.6555982858388081,-0.7870276561229752
2005-03-31 14:00:00,-0.8620318517301703,-0.8874919915234384
2005-03-31 15:00:00,-0.7932206630997162,-0.809735348371025
2005-03-31 16:00:00,-0.7244094744692621,-0.8104234602573296
2005-03-31 17:00:00,-0.4491647199474459,-0.4615507339009279
2005-03-31 18:00:00,-0.0362975881647215,-0.34388360134285123
2005-03-31 19:00:00,-0.0362975881647215,-0.08377730831973482
2005-03-31 20:00:00,-0.4491647199474459,-0.7670724114201434
2005-03-31 21:00:00,-0.7932206630997162,-0.9611199633580243
2005-03-31 22:00:00,-0.9308430403606242,-0.9411647186551925
2005-03-31 23:00:00,-0.9308430403606242,-0.9521745088360649
2005-04-01 00:00:00,-0.9996542289910784,-1.005159124081515
2005-04-01 01:00:00,-1.0684654176215322,-1.0904849979832778
2005-04-01 02:00:00,-1.1372766062519863,-1.0849801028928416
2005-04-01 03:00:00,-1.1372766062519863,-1.1290192636163316
2005-04-01 05:00:00,-1.1372766062519863,-1.0361241589652195
2005-04-01 06:00:00,-1.0684654176215322,-0.9253381452701887
2005-04-01 07:00:00,-0.4491647199474459,-0.5881633209809631
2005-04-01 08:00:00,-0.1739199654256297,-0.43471437033505045
2005-04-01 09:00:00,-0.586787097208354,-0.6624794047018533
2005-04-01 10:00:00,-0.7932206630997162,-0.7939087749860207
2005-04-01 11:00:00,-0.7932206630997162,-0.7760178659421025
2005-04-01 12:00:00,-0.7244094744692621,-0.8764822013425655
2005-04-01 13:00:00,-0.586787097208354,-0.7478052786036163
2005-04-01 14:00:00,-0.7932206630997162,-0.9370360473373657
2005-04-01 15:00:00,-0.7244094744692621,-0.923961921497579
2005-04-01 16:00:00,-0.5179759085779,-0.6253213628414079
2005-04-01 17:00:00,-0.4491647199474459,-0.7423003835131804
2005-04-01 18:00:00,-0.3803535313169918,-0.797349334417544
2005-04-01 19:00:00,0.0325136004657325,-0.7478052786036166
2005-04-01 20:00:00,-0.5179759085779,-0.8840514320919156
2005-04-01 21:00:00,-0.8620318517301703,-0.8812989845466978
2005-04-01 22:00:00,-0.9308430403606242,-0.8950612222727884
2005-04-01 23:00:00,-0.7244094744692621,-0.7560626212392708
2005-04-02 00:00:00,-0.4491647199474459,-0.5929801041850947
2005-04-02 01:00:00,-0.7244094744692621,-0.9315311522469295
2005-04-02 02:00:00,-1.0684654176215322,-0.9879563269239016
2005-04-02 03:00:00,-1.1372766062519863,-1.0051591240815154
2005-04-02 04:00:00,-1.2060877948824404,-1.090484997983278
2005-04-02 05:00:00,-1.2060877948824404,-1.023050033125433
2005-04-02 06:00:00,-1.0684654176215322,-0.8868038796371341
2005-04-02 07:00:00,-0.8620318517301703,-0.8345073762779883
2005-04-02 08:00:00,-0.8620318517301703,-0.8833633202056117
2005-04-02 09:00:00,-0.9308430403606242,-0.8861157677508298
2005-04-02 10:00:00,-0.7932206630997162,-0.8723535300247391
2005-04-02 11:00:00,-0.9308430403606242,-0.8572150685260389
2005-04-02 12:00:00,-0.9308430403606242,-0.858591292298648
2005-04-02 13:00:00,-0.7932206630997162,-0.8881801034097436
2005-04-02 14:00:00,-0.9308430403606242,-0.9019423411358339
2005-04-02 15:00:00,-0.9308430403606242,-0.8929968866138748
2005-04-02 16:00:00,-0.8620318517301703,-0.8785465370014799
2005-04-02 17:00:00,-0.7244094744692621,-0.7987255581901525
2005-04-02 18:00:00,-0.7244094744692621,-0.7429884953994845
2005-04-02 19:00:00,-0.6555982858388081,-0.7780822016010159
2005-04-02 20:00:00,-0.7244094744692621,-0.9157045788619245
2005-04-02 21:00:00,-0.9308430403606242,-0.926026257156493
2005-04-02 22:00:00,-0.9996542289910784,-0.9170808026345338
2005-04-02 23:00:00,-0.9996542289910784,-0.9260262571564932
2005-04-03 00:00:00,-0.9308430403606242,-0.9157045788619252
2005-04-03 01:00:00,-0.9308430403606242,-0.8310668168464662
2005-04-03 02:00:00,-0.9996542289910784,-0.868912970593216
2005-04-03 03:00:00,-0.9308430403606242,-0.8840514320919158
2005-04-03 04:00:00,-1.1372766062519863,-0.9934612220143376
2005-04-03 05:00:00,-1.2748989835128943,-1.0347479351926108
2005-04-03 06:00:00,-1.2060877948824404,-0.9638724109032423
2005-04-03 07:00:00,-1.0684654176215322,-0.8785465370014798
2005-04-03 08:00:00,-0.9996542289910784,-0.9129521313167066
2005-04-03 09:00:00,-0.6555982858388081,-0.623945139068799
2005-04-03 10:00:00,-0.5179759085779,-0.7670724114201433
2005-04-03 11:00:00,-0.586787097208354,-0.5145353491463773
2005-04-03 12:00:00,-0.5179759085779,-0.5922919922987904
2005-04-03 13:00:00,-0.7932206630997162,-0.6514696145209804
2005-04-03 14:00:00,-0.7932206630997162,-0.6301381460455396
2005-04-03 15:00:00,-0.7244094744692621,-0.6370192649085853
2005-04-03 16:00:00,-0.586787097208354,-0.7526220618077482
2005-04-03 17:00:00,-0.5179759085779,-0.5179759085778998
2005-04-03 18:00:00,-0.6555982858388081,-0.7147759080609981
2005-04-03 19:00:00,0.3765695436180029,0.30569401932863477
2005-04-03 20:00:00,0.2389471663570946,-0.006020665167321781
2005-04-03 21:00:00,-0.4491647199474459,-0.51040667782855
2005-04-03 22:00:00,-0.3803535313169918,-0.5104066778285501
2005-04-03 23:00:00,-0.6555982858388081,-0.5186640204642046
2005-04-04 00:00:00,-0.8620318517301703,-0.7244094744692614
2005-04-04 01:00:00,-1.0684654176215322,-0.9769465367430286
2005-04-04 02:00:00,-1.1372766062519863,-1.010664019171952
2005-04-04 03:00:00,-1.2060877948824404,-1.0340598233063063
2005-04-04 05:00:00,-1.1372766062519863,-1.0368122708515242
2005-04-04 06:00:00,-0.7244094744692621,-0.6019255587070534
2005-04-04 07:00:00,1.2711149958139054,0.8183373746255179
2005-04-04 08:00:00,1.959226882118446,1.6220520578292212
2005-04-04 09:00:00,1.202303807183451,0.5740576549874057
2005-04-04 10:00:00,0.651814298139819,0.6194730394835054
2005-04-04 11:00:00,0.1701359777266405,0.1240324813442363
2005-04-04 12:00:00,0.1701359777266405,0.10958213173184099
2005-04-04 13:00:00,-0.0362975881647215,-0.2564933917821745
2005-04-04 14:00:00,0.0325136004657325,0.017375138967032563
